"wavelength";"Band_8";"Band_9";"Band_3";"Band_10";"Band_11";"Band_4";"Band_12";"Band_1";"Band_13";"Band_14";"Band_15";"Band_2";"Band_16";"Band_17";"Band_18";"Band_19";"Band_5";"Band_6";"Band_7";
350;0,000261041;0,000297943;0,000318725;0,000404561;0;0;0;0,000133695;0,000132201;5,73E-05;2,76E-05;4,44E-05;6,12E-05;7,11E-05;3,61E-05;6,05E-05;0,000536466;0,000144105;0,000551191
350,661;0;0;0;0;0;0;0;0;0;0;0;0;0;0;0;0;0;0;0
356,889;0;0;0;0;0;0;0;0;0;0;0;0;0;0;0;0;0;0;0
360;0,000221131;0,000283684;0,000164353;0,000243581;0;0;0;6,52E-05;5,47E-05;2,20E-05;2,13E-05;1,85E-05;8,01E-05;5,47E-05;3,24E-05;4,00E-05;0,00025808;0,000156169;0,000433501
361,062;0;0;0;0;0;0;0;0;0;0;0;0;0;0;0;0;0;0;0
365,959;0;0;0;0;0;0;0;0;0;0;0;0;0;0;0;0;0;0;0
367,228;0;0;0;0;0;0;0;0;0;0;0;0;0;0;0;0;0;0;0
370;0,000150339;0,000304559;0,000175597;0,000123366;0;0;0;3,30E-05;2,66E-05;1,97E-05;2,29E-05;1,24E-05;3,47E-05;1,63E-05;1,08E-05;2,28E-05;0,000187908;7,03E-05;0,000297311
375,542;0;0;0;0;0;0;0;0;0;0;0;0;0;0;0;0;0;0;0
380;9,23E-05;0,000183719;0,000119499;0,000124056;0;0;0;4,65E-05;4,11E-05;1,98E-05;1,82E-05;1,09E-05;4,51E-05;2,37E-05;8,40E-06;3,66E-05;0,000147776;0,000135192;0,000205335
383,817;0;0;0;0;0;0;0;0;0;0;0;0;0;0;0;0;0;0;0
383,924;0;0;0;0;0;0;0;0;0;0;0;0;0;0;0;0;0;0;0
387,794;0;0;0;0;0;0;0;0;0;0;0;0;0;0;0;0;0;0;0
390;6,94E-05;0,00013888;0,00018155;0,000103609;0;0;0;0,000473154;2,97E-05;1,24E-05;1,19E-05;1,95E-05;7,66E-06;2,02E-05;1,02E-05;1,17E-05;8,91E-05;7,61E-05;0,000100111
390,17;0;0;0;0;0;0;0;0,000421982;0;0;0;0;0;0;0;0;0;0;0
391,17;0;0;0;0;0;0;0;0,000328861;0;0;0;0;0;0;0;0;0;0;0
393,17;0;0;0;0;0;0;0;0,0004742;0;0;0;0;0;0;0;0;0;0;0
394,17;0;0;0;0;0;0;0;0,000587672;0;0;0;0;0;0;0;0;0;0;0
394,172;0;0;0;0;0;0;0;0;0;0;0;0;0;0;0;0;0;0;0
395,17;0;0;0;0;0;0;0;0,000861257;0;0;0;0;0;0;0;0;0;0;0
397,19;0;0;0;0;0;0;0;0,00181258;0;0;0;0;0;0;0;0;0;0;0
398,179;0;0;0;0;0;0;0;0,00337911;0;0;0;0;0;0;0;0;0;0;0
399,17;0;0;0;0;0;0;0;0,00725756;0;0;0;0;0;0;0;0;0;0;0
400;0,000103704;0,000165196;0,0013973;9,96E-05;0;0;0;0;6,59E-05;0,000144142;1,16E-05;0,000127405;1,50E-05;1,56E-05;7,18E-06;1,77E-05;0,000144975;5,49E-05;0,000139751
400,19;0;0;0;0;0;0;0;0,0161996;0;0;0;0;0;0;0;0;0;0;0
402,179;0;0;0;0;0;0;0;0,0731352;0;0;0;0;0;0;0;0;0;0;0
403,17;0;0;0;0;0;0;0;0,243525;0;0;0;0;0;0;0;0;0;0;0
404,179;0;0;0;0;0;0;0;0,495634;0;0;0;0;0;0;0;0;0;0;0
406,17;0;0;0;0;0;0;0;0,726977;0;0;0;0;0;0;0;0;0;0;0
407,17;0;0;0;0;0;0;0;0,679636;0;0;0;0;0;0;0;0;0;0;0
407,324;0;0;0;0;0;0;0;0;0;0;0;0;0;0;0;0;0;0;0
408,19;0;0;0;0;0;0;0;0,68286;0;0;0;0;0;0;0;0;0;0;0
409,509;0;0;0;0;0;0;0;0;0;0;0;0;0;0;0;0;0;0;0
410;8,54E-05;9,25E-05;0,000122377;7,76E-05;0;0;0;0;0,000169955;0,00153631;8,36E-06;4,94E-05;1,15E-05;1,25E-05;6,24E-06;2,52E-05;7,99E-05;7,52E-05;0,000139881
410,179;0;0;0;0;0;0;0;0,805588;0;0;0;0;0;0;0;0;0;0;0
411,179;0;0;0;0;0;0;0;0,746249;0;0;0;0;0;0;0;0;0;0;0
412,17;0;0;0;0;0;0;0;0,531392;0;0;0;0;0;0;0;0;0;0;0
413,19;0;0;0;0;0;0;0;0,441311;0;0;0;0;0;0;0;0;0;0;0
415,17;0;0;0;0;0;0;0;0,932612;0;0;0;0;0;0;0;0;0;0;0
416,179;0;0;0;0;0;0;0;1;0;0;0;0;0;0;0;0;0;0;0
417,13;0;0;0;0;0;0;0;0;0;0;0;0;0;0;0;0;0;0;0
417,17;0;0;0;0;0;0;0;0,905185;0;0;0;0;0;0;0;0;0;0;0
419,17;0;0;0;0;0;0;0;0,439771;0;0;0;0;0;0;0;0;0;0;0
420;3,78E-05;7,11E-05;0,00042239;6,57E-05;0;0;0;0;0,000616739;0,00375005;1,30E-05;7,18E-05;1,26E-05;1,37E-05;4,60E-06;1,62E-05;0,000103472;4,40E-05;0,000128225
420,179;0;0;0;0;0;0;0;0,210328;0;0;0;0;0;0;0;0;0;0;0
421,16;0;0;0;0;0;0;0;0,0856633;0;0;0;0;0;0;0;0;0;0;0
423,179;0;0;0;0;0;0;0;0,0107264;0;0;0;0;0;0;0;0;0;0;0
424,16;0;0;0;0;0;0;0;0,00479769;0;0;0;0;0;0;0;0;0;0;0
425,17;0;0;0;0;0;0;0;0,00235889;0;0;0;0;0;0;0;0;0;0;0
426,19;0;0;0;0;0;0;0;0,00103616;0;0;0;0;0;0;0;0;0;0;0
426,368;0;0;0;0;0;0;0;0;0;0;0;0;0;0;0;0;0;0;0
427,553;0;0;0;0;0;0;0;0;0;0;0;0;0;0;0;0;0;0;0
428,16;0;0;0;0;0;0;0;0;0,000315933;0;0;0;0;0;0;0;0;0;0
428,17;0;0;0;0;0;0;0;0,000229683;0;0;0;0;0;0;0;0;0;0;0
429,179;0;0;0;0;0;0;0;0,000225379;0,000452368;0;0;0;0;0;0;0;0;0;0
430;3,02E-05;9,72E-05;0,000799102;0,00010804;0;0;0;0;0;0,00109174;6,56E-06;8,35E-05;1,13E-05;8,29E-06;3,17E-06;6,69E-06;7,35E-05;3,86E-05;0,00011747
430,17;0;0;0;0;0;0;0;0,000100319;0,000744534;0;0;0;0;0;0;0;0;0;0
430,299;0;0;0;0;0;0;0;0;0;0;0;0;0;0;0;0;0;0;0
431,179;0;0;0;0;0;0;0;0;0,00135374;0;0;0;0;0;0;0;0;0;0
432,16;0;0;0;0;0;0;0;0,000110245;0,00351132;0;0;0;0;0;0;0;0;0;0
433,16;0;0;0;0;0;0;0;0;0,0134802;0;0;0;0;0;0;0;0;0;0
433,17;0;0;0;0;0;0;0;0,000104285;0;0;0;0;0;0;0;0;0;0;0
434,16;0;0;0;0;0;0;0;0;0,0481175;0;0;0;0;0;0;0;0;0;0
435,179;0;0;0;0;0;0;0;0;0,136758;0;0;0;0;0;0;0;0;0;0
436,16;0;0;0;0;0;0;0;0;0,293207;0;0;0;0;0;0;0;0;0;0
436,17;0;0;0;0;0;0;0;8,83E-05;0;0;0;0;0;0;0;0;0;0;0
437,17;0;0;0;0;0;0;0;0;0,482024;0;0;0;0;0;0;0;0;0;0
438,16;0;0;0;0;0;0;0;0;0,628519;0;0;0;0;0;0;0;0;0;0
439,179;0;0;0;0;0;0;0;0;0,810956;0;0;0;0;0;0;0;0;0;0
439,2;0;0;0,000288076;0;0;0;0;0;0;0;0;0;0;0;0;0;0;0;0
440;3,04E-05;8,18E-05;0;6,03E-05;0;0;0;0,000136903;0;0,000671996;4,78E-05;4,00E-05;1,07E-05;1,17E-05;2,59E-06;7,07E-06;3,59E-05;4,78E-05;7,68E-05
440,17;0;0;0;0;0;0;0;0;0,963823;0;0;0;0;0;0;0;0;0;0
440,19;0;0;0,00022991;0;0;0;0;0;0;0;0;0;0;0;0;0;0;0;0
441,179;0;0;0;0;0;0;0;0;1;0;0;0;0;0;0;0;0;0;0
441,2;0;0;0,000294636;0;0;0;0;0;0;0;0;0;0;0;0;0;0;0;0
441,891;0;0;0;0;0;0;0;0;0;0;0;0;0;0;0;0;0;0;0
442,16;0;0;0;0;0;0;0;0;0,997915;0;0;0;0;0;0;0;0;0;0
442,179;0;0;0,000318929;0;0;0;0;0;0;0;0;0;0;0;0;0;0;0;0
443,17;0;0;0;0;0;0;0;0;0,993775;0;0;0;0;0;0;0;0;0;0
443,19;0;0;0,000381074;0;0;0;0;0;0;0;0;0;0;0;0;0;0;0;0
444,179;0;0;0;0;0;0;0;0;0,974399;0;0;0;0;0;0;0;0;0;0
444,209;0;0;0,000495929;0;0;0;0;0;0;0;0;0;0;0;0;0;0;0;0
445,17;0;0;0;0;0;0;0;0;0,900225;0;0;0;0;0;0;0;0;0;0
445,2;0;0;0,000537689;0;0;0;0;0;0;0;0;0;0;0;0;0;0;0;0
446,17;0;0;0;0;0;0;0;0;0,719177;0;0;0;0;0;0;0;0;0;0
446,19;0;0;0,000953406;0;0;0;0;0;0;0;0;0;0;0;0;0;0;0;0
447,17;0;0;0;0;0;0;0;0;0,455352;0;0;0;0;0;0;0;0;0;0
447,19;0;0;0,00135005;0;0;0;0;0;0;0;0;0;0;0;0;0;0;0;0
448,17;0;0;0;0;0;0;0;0;0,206819;0;0;0;0;0;0;0;0;0;0
448,2;0;0;0,00182792;0;0;0;0;0;0;0;0;0;0;0;0;0;0;0;0
449,16;0;0;0;0;0;0;0;0;0,0825571;0;0;0;0;0;0;0;0;0;0
449,179;0;0;0,00264805;0;0;0;0;0;0;0;0;0;0;0;0;0;0;0;0
449,592;0;0;0;0;0;0;0;0;0;0;0;0;0;0;0;0;0;0;0
450;3,12E-05;6,59E-05;0;3,75E-05;0;0;0;4,45E-05;0;0,000979379;8,78E-05;2,97E-05;6,73E-06;6,52E-06;5,44E-06;6,09E-06;5,45E-05;3,42E-05;8,12E-05
450,179;0;0;0;0;0;0;0;0;0,0318704;0;0;0;0;0;0;0;0;0;0
450,2;0;0;0,00450824;0;0;0;0;0;0;0;0;0;0;0;0;0;0;0;0
451,179;0;0;0;0;0;0;0;0;0,00867226;0;0;0;0;0;0;0;0;0;0
451,2;0;0;0,0086487;0;0;0;0;0;0;0;0;0;0;0;0;0;0;0;0
452,179;0;0;0;0;0;0;0;0;0,00189406;0;0;0;0;0;0;0;0;0;0
452,2;0;0;0,0178435;0;0;0;0;0;0;0;0;0;0;0;0;0;0;0;0
453,16;0;0;0;0;0;0;0;0;0,000560686;0;0;0;0;0;0;0;0;0;0
453,179;0;0;0,0404898;0;0;0;0;0;0;0;0;0;0;0;0;0;0;0;0
454,17;0;0;0;0;0;0;0;0;0,000183055;0;0;0;0;0;0;0;0;0;0
454,19;0;0;0,101683;0;0;0;0;0;0;0;0;0;0;0;0;0;0;0;0
455,179;0;0;0;0;0;0;0;0;8,03E-05;0;0;0;0;0;0;0;0;0;0
455,209;0;0;0,239842;0;0;0;0;0;0;0;0;0;0;0;0;0;0;0;0
456,19;0;0;0,449592;0;0;0;0;0;0;0;0;0;0;0;0;0;0;0;0
457,179;0;0;0;0;0;0;0;0;6,77E-05;0;0;0;0;0;0;0;0;0;0
457,2;0;0;0,691881;0;0;0;0;0;0;0;0;0;0;0;0;0;0;0;0
458,179;0;0;0,87658;0;0;0;0;0;0;0;0;0;0;0;0;0;0;0;0
459,19;0;0;0,975988;0;0;0;0;0;0;0;0;0;0;0;0;0;0;0;0
460;4,16E-05;5,22E-05;0;0,000113562;0;0;0;0,00015214;8,20E-05;0,0015824;0,000141136;6,57E-05;7,39E-06;9,41E-06;4,47E-06;5,72E-06;9,15E-05;3,52E-05;6,40E-05
460,19;0;0;1;0;0;0;0;0;0;0;0;0;0;0;0;0;0;0;0
461,179;0;0;0,969344;0;0;0;0;0;0;0;0;0;0;0;0;0;0;0;0
462,2;0;0;0,901278;0;0;0;0;0;0;0;0;0;0;0;0;0;0;0;0
463,209;0;0;0,845132;0;0;0;0;0;0;0;0;0;0;0;0;0;0;0;0
464,209;0;0;0,837311;0;0;0;0;0;0;0;0;0;0;0;0;0;0;0;0
465,2;0;0;0,843284;0;0;0;0;0;0;0;0;0;0;0;0;0;0;0;0
466,19;0;0;0,846415;0;0;0;0;0;0;0;0;0;0;0;0;0;0;0;0
467,2;0;0;0,860784;0;0;0;0;0;0;0;0;0;0;0;0;0;0;0;0
468,209;0;0;0,884946;0;0;0;0;0;0;0;0;0;0;0;0;0;0;0;0
469,179;0;0;0,911153;0;0;0;0;0;0;0;0;0;0;0;0;0;0;0;0
470;2,79E-05;4,45E-05;0;0,00196864;0;0;0;0,000241266;2,88E-05;0,00290369;0,000203361;0,000214465;8,93E-06;5,35E-06;3,72E-06;7,89E-06;3,69E-05;3,32E-05;6,33E-05
470,19;0;0;0,92919;0;0;0;0;0;0;0;0;0;0;0;0;0;0;0;0
471,2;0;0;0,917578;0;0;0;0;0;0;0;0;0;0;0;0;0;0;0;0
472,2;0;0;0,870342;0;0;0;0;0;0;0;0;0;0;0;0;0;0;0;0
473,17;0;0;0;0;0;0;0;0;0;0,0021421;0;0;0;0;0;0;0;0;0
473,19;0;0;0,787985;0;0;0;0;0;0;0;0;0;0;0;0;0;0;0;0
474,17;0;0;0;0;0;0;0;0;0;0,00237502;0;0;0;0;0;0;0;0;0
474,17;0;0;0;0;0;0;0;0;0;0,00237502;0;0;0;0;0;0;0;0;0
474,179;0;0;0,665293;0;0;0;0;0;0;0;0;0;0;0;0;0;0;0;0
475,17;0;0;0;0;0;0;0;0;0;0,00285216;0;0;0;0;0;0;0;0;0
475,17;0;0;0;0;0;0;0;0;0;0,00285216;0;0;0;0;0;0;0;0;0
475,179;0;0;0,502695;0;0;0;0;0;0;0;0;0;0;0;0;0;0;0;0
476,17;0;0;0;0;0;0;0;0;0;0,00410756;0;0;0;0;0;0;0;0;0
476,19;0;0;0,321345;0;0;0;0;0;0;0;0;0;0;0;0;0;0;0;0
476,246;0;0;0;0;0;0;0;0;0;0;0;0;0;0;0;0;0;0;0
477,179;0;0;0;0;0;0;0;0;0;0,00885956;0;0;0;0;0;0;0;0;0
477,179;0;0;0;0;0;0;0;0;0;0,00885956;0;0;0;0;0;0;0;0;0
477,2;0;0;0,171332;0;0;0;0;0;0;0;0;0;0;0;0;0;0;0;0
477,278;0;0;0;0;0;0;0;0;0;0;0;0;0;0;0;0;0;0;0
478,179;0;0;0;0;0;0;0;0;0;0,0271083;0;0;0;0;0;0;0;0;0
478,179;0;0;0;0;0;0;0;0;0;0,0271083;0;0;0;0;0;0;0;0;0
478,19;0;0;0,0784788;0;0;0;0;0;0;0;0;0;0;0;0;0;0;0;0
479,17;0;0;0;0;0;0;0;0;0;0,0791932;0;0;0;0;0;0;0;0;0
479,19;0;0;0,0331535;0;0;0;0;0;0;0;0;0;0;0;0;0;0;0;0
480;2,88E-05;4,77E-05;0;0,00123476;0;0;0;0,000447549;5,94E-05;0;0,000364824;0,000165336;5,01E-06;2,89E-06;2,65E-06;3,30E-06;4,44E-05;3,44E-05;4,25E-05
480,17;0;0;0;0;0;0;0;0;0;0,183004;0;0;0;0;0;0;0;0;0
480,17;0;0;0;0;0;0;0;0;0;0,183004;0;0;0;0;0;0;0;0;0
480,19;0;0;0,0144349;0;0;0;0;0;0;0;0;0;0;0;0;0;0;0;0
481,179;0;0;0;0;0;0;0;0;0;0,356889;0;0;0;0;0;0;0;0;0
481,179;0;0;0;0;0;0;0;0;0;0,356889;0;0;0;0;0;0;0;0;0
481,2;0;0;0,00670438;0;0;0;0;0;0;0;0;0;0;0;0;0;0;0;0
482,19;0;0;0;0;0;0;0;0;0;0,596681;0;0;0;0;0;0;0;0;0
482,2;0;0;0,0034712;0;0;0;0;0;0;0;0;0;0;0;0;0;0;0;0
483,17;0;0;0;0;0;0;0;0;0;0,806388;0;0;0;0;0;0;0;0;0
483,17;0;0;0;0;0;0;0;0;0;0,806388;0;0;0;0;0;0;0;0;0
483,179;0;0;0,00188232;0;0;0;0;0;0;0;0;0;0;0;0;0;0;0;0
484,17;0;0;0;0;0;0;0;0;0;0,911347;0;0;0;0;0;0;0;0;0
484,17;0;0;0;0;0;0;0;0;0;0,911347;0;0;0;0;0;0;0;0;0
484,19;0;0;0,00116973;0;0;0;0;0;0;0;0;0;0;0;0;0;0;0;0
485,179;0;0;0;0;0;0;0;0;0;0,950045;0;0;0;0;0;0;0;0;0
485,2;0;0;0,000685301;0;0;0;0;0;0;0;0;0;0;0;0;0;0;0;0
486,179;0;0;0;0;0;0;0;0;0;0,974604;0;0;0;0;0;0;0;0;0
486,179;0;0;0;0;0;0;0;0;0;0,974604;0;0;0;0;0;0;0;0;0
486,2;0;0;0,000345787;0;0;0;0;0;0;0;0;0;0;0;0;0;0;0;0
487,17;0;0;0;0;0;0;0;0;0;0,990802;0;0;0;0;0;0;0;0;0
487,17;0;0;0;0;0;0;0;0;0;0,990802;0;0;0;0;0;0;0;0;0
487,19;0;0;0,000228931;0;0;0;0;0;0;0;0;0;0;0;0;0;0;0;0
488,16;0;0;0;0;0;0;0;0;0;1;0;0;0;0;0;0;0;0;0
488,179;0;0;0,000177352;0;0;0;0;0;0;0;0;0;0;0;0;0;0;0;0
489,17;0;0;0;0;0;0;0;0;0;0,995117;0;0;0;0;0;0;0;0;0
489,17;0;0;0;0;0;0;0;0;0;0,995117;0;0;0;0;0;0;0;0;0
489,19;0;0;0,000126173;0;0;0;0;0;0;0;0;0;0;0;0;0;0;0;0
490;2,79E-05;3,65E-05;0;0,00244732;0;0;0;0,00111244;0,000120323;0;0,000485954;0,00029838;6,49E-06;4,78E-06;2,38E-06;5,26E-06;4,26E-05;2,07E-05;6,14E-05
490,179;0;0;0;0;0;0;0;0;0;0,938498;0;0;0;0;0;0;0;0;0
490,179;0;0;0;0;0;0;0;0;0;0,938498;0;0;0;0;0;0;0;0;0
490,2;0;0;0,000133828;0;0;0;0;0;0;0;0;0;0;0;0;0;0;0;0
491,179;0;0;0;0;0;0;0;0;0;0,802791;0;0;0;0;0;0;0;0;0
491,19;0;0;0,000126662;0;0;0;0;0;0;0;0;0;0;0;0;0;0;0;0
492,17;0;0;0;0;0;0;0;0;0;0,569115;0;0;0;0;0;0;0;0;0
492,17;0;0;0;0;0;0;0;0;0;0,569115;0;0;0;0;0;0;0;0;0
492,179;0;0;0,000125987;0;0;0;0;0;0;0;0;0;0;0;0;0;0;0;0
493,179;0;0;0;0;0;0;0;0;0;0,276504;0;0;0;0;0;0;0;0;0
493,179;0;0;0;0;0;0;0;0;0;0,276504;0;0;0;0;0;0;0;0;0
493,2;0;0;0,000116314;0;0;0;0;0;0;0;0;0;0;0;0;0;0;0;0
494,179;0;0;0;0;0;0;0;0;0;0,0748605;0;0;0;0;0;0;0;0;0
495,179;0;0;0;0;0;0;0;0;0;0,0144916;0;0;0;0;0;0;0;0;0
495,179;0;0;0;0;0;0;0;0;0;0,0144916;0;0;0;0;0;0;0;0;0
495,2;0;0;0,000166573;0;0;0;0;0;0;0;0;0;0;0;0;0;0;0;0
495,634;0;0;0;0;0;0;0;0;0;0;0;0;0;0;0;0;0;0;0
496,179;0;0;0;0;0;0;0;0;0;0,00327816;0;0;0;0;0;0;0;0;0
496,179;0;0;0;0;0;0;0;0;0;0,00327816;0;0;0;0;0;0;0;0;0
496,2;0;0;0,000183067;0;0;0;0;0;0;0;0;0;0;0;0;0;0;0;0
497,179;0;0;0;0;0;0;0;0;0;0,000955106;0;0;0;0;0;0;0;0;0
497,2;0;0;0,000164856;0;0;0;0;0;0;0;0;0;0;0;0;0;0;0;0
498,179;0;0;0;0;0;0;0;0;0;0,000273069;0;0;0;0;0;0;0;0;0
498,179;0;0;0;0;0;0;0;0;0;0,000273069;0;0;0;0;0;0;0;0;0
498,2;0;0;0,000144955;0;0;0;0;0;0;0;0;0;0;0;0;0;0;0;0
499,19;0;0;0;0;0;0;0;0;0;0,000171243;0;0;0;0;0;0;0;0;0
499,19;0;0;0;0;0;0;0;0;0;0,000171243;0;0;0;0;0;0;0;0;0
499,2;0;0;0,000166567;0;0;0;0;0;0;0;0;0;0;0;0;0;0;0;0
500;2,14E-05;4,02E-05;0,000258259;0,000315458;0;0;0;0,00260528;0,000148845;0;0,000682194;0,000400835;1,11E-05;6,82E-06;1,95E-06;5,88E-06;3,99E-05;1,47E-05;3,01E-05
500,17;0;0;0;0;0;0;0;0;0;7,39E-05;0;0;0;0;0;0;0;0;0
501,179;0;0;0;0;0;0;0;0;0;8,34E-05;0;0;0;0;0;0;0;0;0
502,17;0;0;0;0;0;0;0;0;0;6,41E-05;0;0;0;0;0;0;0;0;0
502,17;0;0;0;0;0;0;0;0;0;6,41E-05;0;0;0;0;0;0;0;0;0
503,17;0;0;0;0;0;0;0;0;0;7,50E-05;0;0;0;0;0;0;0;0;0
510;1,18E-05;4,48E-05;0,00033333;0,00048059;0;0;0;0,004129;0,00022173;0,000140615;0,00120268;0,000597802;3,65E-06;6,87E-06;3,11E-06;5,26E-06;4,38E-05;2,16E-05;5,00E-05
516,179;0;0;0;0;0;0;0;0;0;0;0,000268341;0;0;0;0;0;0;0;0
517,179;0;0;0;0;0;0;0;0;0;0;0,000804332;0;0;0;0;0;0;0;0
517,179;0;0;0;0;0;0;0;0;0;0;0,000804332;0;0;0;0;0;0;0;0
517,874;0;0;0;0;0;0;0;0;0;0;0;0;0;0;0;0;0;0;0
518,169;0;0;0;0;0;0;0;0;0;0;0,00195755;0;0;0;0;0;0;0;0
518,169;0;0;0;0;0;0;0;0;0;0;0,00195755;0;0;0;0;0;0;0;0
519,179;0;0;0;0;0;0;0;0;0;0;0,0056237;0;0;0;0;0;0;0;0
520;1,75E-05;3,14E-05;0,000385951;0,000708095;0;0;0;0,00186628;0,000448907;0,00012274;0;0,000884103;6,40E-06;4,07E-06;1,67E-06;3,78E-06;2,43E-05;3,25E-05;3,07E-05
520,159;0;0;0;0;0;0;0;0;0;0;0,0199953;0;0;0;0;0;0;0;0
520,159;0;0;0;0;0;0;0;0;0;0;0,0199953;0;0;0;0;0;0;0;0
521,19;0;0;0;0;0;0;0;0;0;0;0,0710626;0;0;0;0;0;0;0;0
521,19;0;0;0;0;0;0;0;0;0;0;0,0710626;0;0;0;0;0;0;0;0
522,179;0;0;0;0;0;0;0;0;0;0;0,183156;0;0;0;0;0;0;0;0
523,179;0;0;0;0;0;0;0;0;0;0;0,361062;0;0;0;0;0;0;0;0
523,179;0;0;0;0;0;0;0;0;0;0;0,361062;0;0;0;0;0;0;0;0
524,169;0;0;0;0;0;0;0;0;0;0;0,582582;0;0;0;0;0;0;0;0
524,169;0;0;0;0;0;0;0;0;0;0;0,582582;0;0;0;0;0;0;0;0
525,169;0;0;0;0,000165368;0;0;0;0;0;0;0,797048;0;0;0;0;0;0;0;0
526,159;0;0;0;0;0;0;0;0;0;0;0,94981;0;0;0;0;0;0;0;0
526,159;0;0;0;0;0;0;0;0;0;0;0,94981;0;0;0;0;0;0;0;0
526,169;0;0;0;0,000157495;0;0;0;0;0;0;0;0;0;0;0;0;0;0;0
527,159;0;0;0;0;0;0;0;0;0;0;0,981414;0;0;0;0;0;0;0;0
527,159;0;0;0;0;0;0;0;0;0;0;0,981414;0;0;0;0;0;0;0;0
527,169;0;0;0;0,000211702;0;0;0;0;0;0;0;0;0;0;0;0;0;0;0
528,169;0;0;0;0;0;0;0;0;0;0;0,97637;0;0;0;0;0;0;0;0
528,179;0;0;0;0,000230279;0;0;0;0;0;0;0;0;0;0;0;0;0;0;0
529,19;0;0;0;0,000190836;0;0;0;0;0;0;0,994017;0;0;0;0;0;0;0;0
529,19;0;0;0;0,000190836;0;0;0;0;0;0;0,994017;0;0;0;0;0;0;0;0
530;1,92E-05;3,06E-05;0,000381662;0;0;0;0;0,000509453;0,000481344;0,000141267;0;0,00158325;4,38E-06;4,08E-06;2,32E-06;6,85E-06;2,64E-05;2,23E-05;4,15E-05
530,179;0;0;0;0,000251823;0;0;0;0;0;0;1;0;0;0;0;0;0;0;0
531,179;0;0;0;0,000359112;0;0;0;0;0;0;0,979251;0;0;0;0;0;0;0;0
531,392;0;0;0;0;0;0;0;0;0;0;0;0;0;0;0;0;0;0;0
532,063;0;0;0;0;0;0;0;0;0;0;0;0;0;0;0;0;0;0;0
532,19;0;0;0;0,000404363;0;0;0;0;0;0;0,929473;0;0;0;0;0;0;0;0
532,19;0;0;0;0,000404363;0;0;0;0;0;0;0,929473;0;0;0;0;0;0;0;0
533,169;0;0;0;0;0;0;0;0;0;0;0,853851;0;0;0;0;0;0;0;0
533,169;0;0;0;0;0;0;0;0;0;0;0,853851;0;0;0;0;0;0;0;0
533,179;0;0;0;0,000542797;0;0;0;0;0;0;0;0;0;0;0;0;0;0;0
534,19;0;0;0;0,000723888;0;0;0;0;0;0;0,749499;0;0;0;0;0;0;0;0
535,179;0;0;0;0;0;0;0;0;0;0;0,608954;0;0;0;0;0;0;0;0
535,179;0;0;0;0;0;0;0;0;0;0;0,608954;0;0;0;0;0;0;0;0
535,19;0;0;0;0,000938826;0;0;0;0;0;0;0;0;0;0;0;0;0;0;0
536,146;0;0;0;0;0;0;0;0;0;0;0;0;0;0;0;0;0;0;0
536,179;0;0;0;0,00149662;0;0;0;0;0;0;0,426368;0;0;0;0;0;0;0;0
536,179;0;0;0;0,00149662;0;0;0;0;0;0;0,426368;0;0;0;0;0;0;0;0
536,219;0;0;0;0;0;0;0;0;0;0;0;0,00262217;0;0;0;0;0;0;0
537,169;0;0;0;0;0;0;0;0;0;0;0,228721;0;0;0;0;0;0;0;0
537,179;0;0;0;0,00251636;0;0;0;0;0;0;0;0;0;0;0;0;0;0;0
537,219;0;0;0;0;0;0;0;0;0;0;0;0,00815978;0;0;0;0;0;0;0
537,742;0;0;0;0;0;0;0;0;0;0;0;0;0;0;0;0;0;0;0
538,169;0;0;0;0,00489088;0;0;0;0;0;0;0,0876152;0;0;0;0;0;0;0;0
538,169;0;0;0;0,00489088;0;0;0;0;0;0;0,0876152;0;0;0;0;0;0;0;0
538,21;0;0;0;0;0;0;0;0;0;0;0;0,0308496;0;0;0;0;0;0;0
539,19;0;0;0;0,0115476;0;0;0;0;0;0;0,0300316;0;0;0;0;0;0;0;0
539,19;0;0;0;0,0115476;0;0;0;0;0;0;0,0300316;0;0;0;0;0;0;0;0
539,229;0;0;0;0;0;0;0;0;0;0;0;0,0950109;0;0;0;0;0;0;0
539,7;0;0;0;0;0;0;0;0;0;0;0;0;0;0;0;0;0;0;0
540;1,90E-05;3,63E-05;0,000388562;0;0;0;0;0,000589246;0,000572415;0,000200312;0;0;3,71E-06;4,93E-06;2,32E-06;2,89E-06;2,90E-05;7,32E-06;2,08E-05
540,179;0;0;0;0,0304012;0;0;0;0;0;0;0,0121307;0;0;0;0;0;0;0;0
540,219;0;0;0;0;0;0;0;0;0;0;0;0,209827;0;0;0;0;0;0;0
540,219;0;0;0;0;0;0;0;0;0;0;0;0,209827;0;0;0;0;0;0;0
541,159;0;0;0;0;0;0;0;0;0;0;0,00527154;0;0;0;0;0;0;0;0
541,159;0;0;0;0;0;0;0;0;0;0;0,00527154;0;0;0;0;0;0;0;0
541,169;0;0;0;0,0786975;0;0;0;0;0;0;0;0;0;0;0;0;0;0;0
541,21;0;0;0;0;0;0;0;0;0;0;0;0,373967;0;0;0;0;0;0;0
542,132;0;0;0;0;0;0;0;0;0;0;0;0;0;0;0;0;0;0;0
542,169;0;0;0;0,182201;0;0;0;0;0;0;0,00243814;0;0;0;0;0;0;0;0
542,169;0;0;0;0,182201;0;0;0;0;0;0;0,00243814;0;0;0;0;0;0;0;0
542,21;0;0;0;0;0;0;0;0;0;0;0;0,583985;0;0;0;0;0;0;0
543,169;0;0;0;0,350661;0;0;0;0;0;0;0,0012785;0;0;0;0;0;0;0;0
543,21;0;0;0;0;0;0;0;0;0;0;0;0,796494;0;0;0;0;0;0;0
544,19;0;0;0;0,566436;0;0;0;0;0;0;0,000563201;0;0;0;0;0;0;0;0
544,19;0;0;0;0,566436;0;0;0;0;0;0;0,000563201;0;0;0;0;0;0;0;0
544,229;0;0;0;0;0;0;0;0;0;0;0;0,944913;0;0;0;0;0;0;0
545,169;0;0;0;0;0;0;0;0;0;0;0,000237655;0;0;0;0;0;0;0;0
545,169;0;0;0;0;0;0;0;0;0;0;0,000237655;0;0;0;0;0;0;0;0
545,179;0;0;0;0,769634;0;0;0;0;0;0;0;0;0;0;0;0;0;0;0
545,21;0;0;0;0;0;0;0;0;0;0;0;0,987884;0;0;0;0;0;0;0
546,179;0;0;0;0,909875;0;0;0;0;0;0;0;0;0;0;0;0;0;0;0
546,219;0;0;0;0;0;0;0;0;0;0;0;0,99998;0;0;0;0;0;0;0
547,179;0;0;0;0,97297;0;0;0;0;0;0;0;0;0;0;0;0;0;0;0
547,219;0;0;0;0;0;0;0;0;0;0;0;1;0;0;0;0;0;0;0
548,169;0;0;0;0,992396;0;0;0;0;0;0;0;0;0;0;0;0;0;0;0
548,21;0;0;0;0;0;0;0;0;0;0;0;0,984551;0;0;0;0;0;0;0
549,19;0;0;0;0,998384;0;0;0;0;0;0;0;0;0;0;0;0;0;0;0
549,229;0;0;0;0;0;0;0;0;0;0;0;0,93678;0;0;0;0;0;0;0
549,229;0;0;0;0;0;0;0;0;0;0;0;0,93678;0;0;0;0;0;0;0
550;2,29E-05;3,66E-05;0,00040863;0;0;0;0;0,000597368;0,000508293;0,000287303;0,00118021;0;3,23E-06;5,26E-06;1,77E-06;3,25E-06;3,94E-05;1,46E-05;4,44E-05
550,169;0;0;0;1;0;0;0;0;0;0;0;0;0;0;0;0;0;0;0
550,21;0;0;0;0;0;0;0;0;0;0;0;0,837459;0;0;0;0;0;0;0
551,19;0;0;0;0,995265;0;0;0;0;0;0;0;0;0;0;0;0;0;0;0
551,229;0;0;0;0;0;0;0;0;0;0;0;0,679754;0;0;0;0;0;0;0
552,179;0;0;0;0,986303;0;0;0;0;0;0;0;0;0;0;0;0;0;0;0
552,219;0;0;0;0;0;0;0;0;0;0;0;0,48634;0;0;0;0;0;0;0
553,169;0;0;0;0,974737;0;0;0;0;0;0;0;0;0;0;0;0;0;0;0
553,21;0;0;0;0;0;0;0;0;0;0;0;0,278806;0;0;0;0;0;0;0
554,19;0;0;0;0,968763;0;0;0;0;0;0;0;0;0;0;0;0;0;0;0
554,229;0;0;0;0;0;0;0;0;0;0;0;0,10666;0;0;0;0;0;0;0
555,169;0;0;0;0,96809;0;0;0;0;0;0;0;0;0;0;0;0;0;0;0
555,21;0;0;0;0;0;0;0;0;0;0;0;0,0309991;0;0;0;0;0;0;0
555,892;0;0;0;0;0;0;0;0;0;0;0;0;0;0;0;0;0;0;0
556,179;0;0;0;0,973408;0;0;0;0;0;0;0;0;0;0;0;0;0;0;0
556,21;0;0;0;0;0;0;0;0;0;0;0;0,00901877;0;0;0;0;0;0;0
557,19;0;0;0;0,983348;0;0;0;0;0;0;0;0;0;0;0;0;0;0;0
557,229;0;0;0;0;0;0;0;0;0;0;0;0,00326324;0;0;0;0;0;0;0
558,19;0;0;0;0,9879;0;0;0;0;0;0;0;0;0;0;0;0;0;0;0
558,219;0;0;0;0;0;0;0;0;0;0;0;0,00158635;0;0;0;0;0;0;0
558,219;0;0;0;0;0;0;0;0;0;0;0;0,00158635;0;0;0;0;0;0;0
559,19;0;0;0;0,982297;0;0;0;0;0;0;0;0;0;0;0;0;0;0;0
559,229;0;0;0;0;0;0;0;0;0;0;0;0,000927721;0;0;0;0;0;0;0
560;1,81E-05;3,38E-05;0,000671076;0;0;0;0;0,000538533;0,000133733;0,000385956;0,000827893;0;2,21E-06;4,39E-06;1,10E-06;3,89E-06;2,04E-05;1,64E-05;5,21E-05
560,169;0;0;0;0,962784;0;0;0;0;0;0;0;0;0;0;0;0;0;0;0
560,21;0;0;0;0;0;0;0;0;0;0;0;0,000587577;0;0;0;0;0;0;0
561,179;0;0;0;0,905679;0;0;0;0;0;0;0;0;0;0;0;0;0;0;0
561,219;0;0;0;0;0;0;0;0;0;0;0;0,000464533;0;0;0;0;0;0;0
562,169;0;0;0;0,789595;0;0;0;0;0;0;0;0;0;0;0;0;0;0;0
562,21;0;0;0;0;0;0;0;0;0;0;0;0,000360024;0;0;0;0;0;0;0
563,179;0;0;0;0,613405;0;0;0;0;0;0;0;0;0;0;0;0;0;0;0
563,219;0;0;0;0;0;0;0;0;0;0;0;0,000337509;0;0;0;0;0;0;0
564,169;0;0;0;0,407221;0;0;0;0;0;0;0;0;0;0;0;0;0;0;0
564,21;0;0;0;0;0;0;0;0;0;0;0;0,000252814;0;0;0;0;0;0;0
565,19;0;0;0;0,204311;0;0;0;0;0;0;0;0;0;0;0;0;0;0;0
565,229;0;0;0;0;0;0;0;0;0;0;0;0,00013101;0;0;0;0;0;0;0
566,169;0;0;0;0,0817568;0;0;0;0;0;0;0;0;0;0;0;0;0;0;0
567,179;0;0;0;0,0280225;0;0;0;0;0;0;0;0;0;0;0;0;0;0;0
567,219;0;0;0;0;0;0;0;0;0;0;0;0,000229561;0;0;0;0;0;0;0
568,19;0;0;0;0,00990879;0;0;0;0;0;0;0;0;0;0;0;0;0;0;0
569,115;0;0;0;0;0;0;0;0;0;0;0;0;0;0;0;0;0;0;0
569,19;0;0;0;0,00405509;0;0;0;0;0;0;0;0;0;0;0;0;0;0;0
570;7,29E-05;2,82E-05;0,00209956;0;0;0;0;0,000453382;2,69E-05;0,000610857;0,000800978;0,000791123;4,52E-06;7,76E-06;1,50E-06;3,26E-06;4,65E-05;2,56E-05;5,34E-05
570,179;0;0;0;0,00177973;0;0;0;0;0;0;0;0;0;0;0;0;0;0;0
570,2;7,32E-05;0;0;0;0;0;0;0;0;0;0;0;0;0;0;0;0;0;0
571,19;0;0;0;0,000796375;0;0;0;0;0;0;0;0;0;0;0;0;0;0;0
572,19;0;0;0;0,000407501;0;0;0;0;0;0;0;0;0;0;0;0;0;0;0
573,19;0;0;0;0,000175489;0;0;0;0;0;0;0;0;0;0;0;0;0;0;0
573,21;7,90E-05;0;0;0;0;0;0;0;0;0;0;0;0;0;0;0;0;0;0
574,136;0;0;0;0;0;0;0;0;0;0;0;0;0;0;0;0;0;0;0
574,179;0;0;0;0,000115072;0;0;0;0;0;0;0;0;0;0;0;0;0;0;0
575,19;0;0;0;0,000122163;0;0;0;0;0;0;0;0;0;0;0;0;0;0;0
575,21;8,24E-05;0;0;0;0;0;0;0;0;0;0;0;0;0;0;0;0;0;0
575,62;0;0;0;0;0;0;0;0;0;0;0;0;0;0;0;0;0;0;0
576,169;0;0;0;6,88E-05;0;0;0;0;0;0;0;0;0;0;0;0;0;0;0
577,179;0;0;0;7,78E-05;0;0;0;0;0;0;0;0;0;0;0;0;0;0;0
578,179;0;0;0;8,08E-05;0;0;0;0;0;0;0;0;0;0;0;0;0;0;0
578,2;7,85E-05;0;0;0;0;0;0;0;0;0;0;0;0;0;0;0;0;0;0
579,19;0;0;0;6,58E-05;0;0;0;0;0;0;0;0;0;0;0;0;0;0;0
580;0;3,49E-05;0,00106929;0;0;0;0;0,000371349;1,67E-05;0,000813985;0,00108695;0,000644297;5,40E-06;1,71E-06;1,86E-06;1,70E-06;2,29E-05;1,02E-05;4,52E-05
580,179;0;0;0;5,46E-05;0;0;0;0;0;0;0;0;0;0;0;0;0;0;0
580,2;8,58E-05;0;0;0;0;0;0;0;0;0;0;0;0;0;0;0;0;0;0
581,169;0;0;0;5,29E-05;0;0;0;0;0;0;0;0;0;0;0;0;0;0;0
582,169;0;0;0;3,85E-05;0;0;0;0;0;0;0;0;0;0;0;0;0;0;0
582,582;0;0;0;0;0;0;0;0;0;0;0;0;0;0;0;0;0;0;0
583,169;0;0;0;3,72E-05;0;0;0;0;0;0;0;0;0;0;0;0;0;0;0
583,19;4,98E-05;0;0;0;0;0;0;0;0;0;0;0;0;0;0;0;0;0;0
583,985;0;0;0;0;0;0;0;0;0;0;0;0;0;0;0;0;0;0;0
584,179;0;0;0;6,07E-05;0;0;0;0;0;0;0;0;0;0;0;0;0;0;0
585,2;4,01E-05;0;0;0;0;0;0;0;0;0;0;0;0;0;0;0;0;0;0
588,2;6,37E-05;0;0;0;0;0;0;0;0;0;0;0;0;0;0;0;0;0;0
590;0;3,87E-05;0,00076584;3,07E-05;0;0;0;0,00015448;1,23E-05;0,000855205;0,000342902;0,000205371;1,30E-05;2,60E-05;0,000118104;1,37E-05;3,02E-05;2,06E-05;7,61E-05
590,19;6,87E-05;0;0;0;0;0;0;0;0;0;0;0;0;0;0;0;0;0;0
590,853;0;0;0;0;0;0;0;0;0;0;0;0;0;0;0;0;0;0;0
593,19;9,20E-05;0;0;0;0;0;0;0;0;0;0;0;0;0;0;0;0;0;0
595,21;0,000111932;0;0;0;0;0;0;0;0;0;0;0;0;0;0;0;0;0;0
596,294;0;0;0;0;0;0;0;0;0;0;0;0;0;0;0;0;0;0;0
596,625;0;0;0;0;0;0;0;0;0;0;0;0;0;0;0;0;0;0;0
596,681;0;0;0;0;0;0;0;0;0;0;0;0;0;0;0;0;0;0;0
598,21;7,15E-05;0;0;0;0;0;0;0;0;0;0;0;0;0;0;0;0;0;0
600;0;7,11E-05;0,000187496;1,96E-05;0;0;0;2,54E-05;8,47E-06;0,000249298;7,44E-05;3,73E-05;5,44E-05;0,000186616;0,000433429;9,72E-05;8,64E-05;3,29E-05;0,000122853
600,21;6,02E-05;0;0;0;0;0;0;0;0;0;0;0;0;0;0;0;0;0;0
605,2;0,000119795;0;0;0;0;0;0;0;0;0;0;0;0;0;0;0;0;0;0
608,2;0,000348286;0;0;0;0;0;0;0;0;0;0;0;0;0;0;0;0;0;0
608,954;0;0;0;0;0;0;0;0;0;0;0;0;0;0;0;0;0;0;0
610;0;7,33E-05;4,74E-05;2,38E-05;0;0;0;1,93E-05;5,84E-06;4,21E-05;4,45E-05;1,88E-05;0,00011938;0,000277324;0,000599286;7,86E-05;5,40E-05;0,00012702;0,000142052
610,19;0,00119145;0;0;0;0;0;0;0;0;0;0;0;0;0;0;0;0;0;0
613,21;0,0055696;0;0;0;0;0;0;0;0;0;0;0;0;0;0;0;0;0;0
613,405;0;0;0;0;0;0;0;0;0;0;0;0;0;0;0;0;0;0;0
615,21;0,0259655;0;0;0;0;0;0;0;0;0;0;0;0;0;0;0;0;0;0
617,21;0;0;0;0;0;0;0;0;0;0;0;0;4,62E-05;0;0;0;0;0;0
618,19;0,146929;0;0;0;0;0;0;0;0;0;0;0;0;0;0;0;0;0;0
619,19;0;0;0;0;0;0;0;0;0;0;0;0;5,28E-05;0;0;0;0;0;0
620;0;0,000150153;5,66E-05;1,82E-05;0;0;0;2,83E-05;7,46E-06;0,000149763;9,55E-06;2,00E-05;0;0,000537109;0,00194776;0,000122973;3,99E-05;6,66E-05;0,000140011
620,21;0,367228;0;0;0;0;0;0;0;0;0;0;0;0;0;0;0;0;0;0
621,2;0;0;0;0;0;0;0;0;0;0;0;0;4,50E-05;0;0;0;0;0;0
623,19;0,68446;0;0;0;0;0;0;0;0;0;0;0;7,53E-05;0;0;0;0;0;0
625,2;0,724822;0;0;0;0;0;0;0;0;0;0;0;7,50E-05;0;0;0;0;0;0
627,21;0;0;0;0;0;0;0;0;0;0;0;0;0,000104318;0;0;0;0;0;0
628,2;0,727771;0;0;0;0;0;0;0;0;0;0;0;0;0;0;0;0;0;0
628,519;0;0;0;0;0;0;0;0;0;0;0;0;0;0;0;0;0;0;0
629,2;0;0;0;0;0;0;0;0;0;0;0;0;6,92E-05;0;0;0;0;0;0
630;0;0,000235526;6,11E-05;2,55E-05;0;0;0;2,56E-05;1,02E-05;2,49E-05;8,20E-06;9,11E-06;0;0,000703897;0,00196638;0,000137561;2,02E-05;0,000143044;0,000202883
630,19;0,733656;0;0;0;0;0;0;0;0;0;0;0;0;0;0;0;0;0;0
631,21;0;0;0;0;0;0;0;0;0;0;0;0;6,58E-05;0;0;0;0;0;0
632,326;0;0;0;0;0;0;0;0;0;0;0;0;0;0;0;0;0;0;0
633,21;0,745276;0;0;0;0;0;0;0;0;0;0;0;0,000100841;0;0;0;0;0;0
635,2;0,753959;0;0;0;0;0;0;0;0;0;0;0;0,000104205;0;0;0;0;0;0
637,21;0;0;0;0;0;0;0;0;0;0;0;0;0,000103354;0;0;0;0;0;0
638,19;0,768836;0;0;0;0;0;0;0;0;0;0;0;0;0;0;0;0;0;0
639,2;0;0;0;0;0;0;0;0;0;0;0;0;0,000154793;0;0;0;0;0;0
640;0;0,00037673;7,75E-05;3,31E-05;0;0;0;5,22E-05;1,69E-05;6,80E-06;7,63E-06;3,15E-06;0;0,000958785;0,00239308;0,000140754;1,28E-05;2,75E-05;0,000110726
640,19;0,774306;0;0;0;0;0;0;0;0;0;0;0;0;0;0;0;0;0;0
640,963;0;0;0;0;0;0;0;0;0;0;0;0;0;0;0;0;0;0;0
641,21;0;0;0;0;0;0;0;0;0;0;0;0;0,000162017;0;0;0;0;0;0
643,2;0,790446;0;0;0;0;0;0;0;0;0;0;0;0,000169826;0;0;0;0;0;0
645,19;0,813292;0;0;0;0;0;0;0;0;0;0;0;0,000166475;0;0;0;0;0;0
647,19;0;0;0;0;0;0;0;0;0;0;0;0;0,000229573;0;0;0;0;0;0
648,19;0,868503;0;0;0;0;0;0;0;0;0;0;0;0;0;0;0;0;0;0
649,19;0;0;0;0;0;0;0;0;0;0;0;0;0,000290304;0;0;0;0;0;0
650;0;0,000182532;7,68E-05;3,37E-05;0;0;0;1,39E-05;7,64E-06;6,22E-06;6,83E-06;4,36E-06;0;0,000428901;0,00152298;4,17E-05;5,31E-05;2,58E-05;6,57E-05
650,21;0,904408;0;0;0;0;0;0;0;0;0;0;0;0;0;0;0;0;0;0
651,19;0;0;0;0;0;0;0;0;0;0;0;0;0,000416434;0;0;0;0;0;0
653,21;0,965654;0;0;0;0;0;0;0;0;0;0;0;0,000667772;0;0;0;0;0;0
655,19;0,990801;0;0;0;0;0;0;0;0;0;0;0;0,00307108;0;0;0;0;0;0
657,21;0;0;0;0;0;0;0;0;0;0;0;0;0,0355434;0;0;0;0;0;0
658,2;1;0;0;0;0;0;0;0;0;0;0;0;0;0;0;0;0;0;0
659,19;0;0;0;0;0;0;0;0;0;0;0;0;0,229718;0;0;0;0;0;0
660;0;0,00103705;0,000139575;6,21E-05;0;0;0;8,68E-05;1,49E-05;6,46E-06;1,55E-05;1,33E-05;0;0,00507117;0,00495385;0,000123478;6,65E-05;4,17E-05;0,000155889
660,21;0,946519;0;0;0;0;0;0;0;0;0;0;0;0;0;0;0;0;0;0
661,19;0;0;0;0;0;0;0;0;0;0;0;0;0,599596;0;0;0;0;0;0
663,19;0,816125;0;0;0;0;0;0;0;0;0;0;0;0,9181;0;0;0;0;0;0
663,219;0;0;0;0;0;0;0;0;0;0;0;0;0;0,0013325;0;0;0;0;0
664,239;0;0;0;0;0;0;0;0;0;0;0;0;0;0,00410076;0;0;0;0;0
664,239;0;0;0;0;0;0;0;0;0;0;0;0;0;0,00410076;0;0;0;0;0
665,19;0,730804;0;0;0;0;0;0;0;0;0;0;0;1;0;0;0;0;0;0
665,219;0;0;0;0;0;0;0;0;0;0;0;0;0;0,00932115;0;0;0;0;0
665,293;0;0;0;0;0;0;0;0;0;0;0;0;0;0;0;0;0;0;0
666,229;0;0;0;0;0;0;0;0;0;0;0;0;0;0,0206315;0;0;0;0;0
667,21;0;0;0;0;0;0;0;0;0;0;0;0;0,909819;0;0;0;0;0;0
667,239;0;0;0;0;0;0;0;0;0;0;0;0;0;0,0437816;0;0;0;0;0
667,239;0;0;0;0;0;0;0;0;0;0;0;0;0;0,0437816;0;0;0;0;0
667,375;0;0;0;0;0;0;0;0;0;0;0;0;0;0;0;0;0;0;0
668,2;0,546438;0;0;0;0;0;0;0;0;0;0;0;0;0;0;0;0;0;0
668,229;0;0;0;0;0;0;0;0;0;0;0;0;0;0,090595;0;0;0;0;0
669,21;0;0;0;0;0;0;0;0;0;0;0;0;0,754917;0;0;0;0;0;0
669,239;0;0;0;0;0;0;0;0;0;0;0;0;0;0,179606;0;0;0;0;0
669,239;0;0;0;0;0;0;0;0;0;0;0;0;0;0,179606;0;0;0;0;0
670;0;0,00105425;0,000131291;6,14E-05;0;0;0;0,000114069;2,42E-05;6,07E-06;1,26E-05;1,19E-05;0;0;0,000302361;5,23E-05;4,01E-05;4,29E-05;0,000109906
670,2;0,383817;0;0;0;0;0;0;0;0;0;0;0;0;0;0;0;0;0;0
670,229;0;0;0;0;0;0;0;0;0;0;0;0;0;0,313027;0;0;0;0;0
671,21;0;0;0;0;0;0;0;0;0;0;0;0;0,427553;0;0;0;0;0;0
671,239;0;0;0;0;0;0;0;0;0;0;0;0;0;0,476246;0;0;0;0;0
671,239;0;0;0;0;0;0;0;0;0;0;0;0;0;0,476246;0;0;0;0;0
672,219;0;0;0;0;0;0;0;0;0;0;0;0;0;0,638402;0;0;0;0;0
673,19;0,164949;0;0;0;0;0;0;0;0;0;0;0;0;0;0;0;0;0;0
673,2;0;0;0;0;0;0;0;0;0;0;0;0;0,165705;0;0;0;0;0;0
673,229;0;0;0;0;0;0;0;0;0;0;0;0;0;0,795755;0;0;0;0;0
674,219;0;0;0;0;0;0;0;0;0;0;0;0;0;0,919454;0;0;0;0;0
674,219;0;0;0;0;0;0;0;0;0;0;0;0;0;0,919454;0;0;0;0;0
675,21;0,0879277;0;0;0;0;0;0;0;0;0;0;0;0,00471512;0;0;0;0;0;0
675,239;0;0;0;0;0;0;0;0;0;0;0;0;0;0,986185;0;0;0;0;0
676,219;0;0;0;0;0;0;0;0;0;0;0;0;0;1;0;0;0;0;0
676,219;0;0;0;0;0;0;0;0;0;0;0;0;0;1;0;0;0;0;0
677,19;0;0;0;0;0;0;0;0;0;0;0;0;0,000157019;0;0;0;0;0;0
677,219;0;0;0;0;0;0;0;0;0;0;0;0;0;0,994435;0;0;0;0;0
678,21;0,0310486;0;0;0;0;0;0;0;0;0;0;0;0;0;0;0;0;0;0
678,239;0;0;0;0;0;0;0;0;0;0;0;0;0;0,978343;0;0;0;0;0
678,239;0;0;0;0;0;0;0;0;0;0;0;0;0;0,978343;0;0;0;0;0
679,2;0;0;0;0;0;0;0;0;0;0;0;0;6,01E-05;0;0;0;0;0;0
679,229;0;0;0;0;0;0;0;0;0;0;0;0;0;0,936855;0;0;0;0;0
679,636;0;0;0;0;0;0;0;0;0;0;0;0;0;0;0;0;0;0;0
679,754;0;0;0;0;0;0;0;0;0;0;0;0;0;0;0;0;0;0;0
680;0;0,000808676;8,99E-05;5,74E-05;0;0;0;0,000100315;1,81E-05;3,11E-06;1,04E-05;5,14E-06;0;0;0,000261292;1,24E-05;1,71E-05;3,47E-05;0,000125404
680,2;0,0157825;0;0;0;0;0;0;0;0;0;0;0;0;0;0;0;0;0;0
680,239;0;0;0;0;0;0;0;0;0;0;0;0;0;0,845562;0;0;0;0;0
681,21;0;0;0;0;0;0;0;0;0;0;0;0;5,98E-05;0;0;0;0;0;0
681,239;0;0;0;0;0;0;0;0;0;0;0;0;0;0,717473;0;0;0;0;0
681,239;0;0;0;0;0;0;0;0;0;0;0;0;0;0,717473;0;0;0;0;0
682,239;0;0;0;0;0;0;0;0;0;0;0;0;0;0,578804;0;0;0;0;0
683,21;0,00466254;0;0;0;0;0;0;0;0;0;0;0;5,81E-05;0;0;0;0;0;0
683,239;0;0;0;0;0;0;0;0;0;0;0;0;0;0,430299;0;0;0;0;0
683,239;0;0;0;0;0;0;0;0;0;0;0;0;0;0,430299;0;0;0;0;0
684,229;0;0;0;0;0;0;0;0;0;0;0;0;0;0,261534;0;0;0;0;0
685,2;0,00226284;0;0;0;0;0;0;0;0;0;0;0;0;0;0;0;0;0;0
685,229;0;0;0;0;0;0;0;0;0;0;0;0;0;0,1125;0;0;0;0;0
685,229;0;0;0;0;0;0;0;0;0;0;0;0;0;0,1125;0;0;0;0;0
686,219;0;0;0;0;0;0;0;0;0;0;0;0;0;0,0421549;0;0;0;0;0
687,21;0;0;0;0;0;0;0;0;0;0;0;0;4,17E-05;0;0;0;0;0;0
687,239;0;0;0;0;0;0;0;0;0;0;0;0;0;0,0168964;0;0;0;0;0
688,19;0,00084344;0;0;0;0;0;0;0;0;0;0;0;0;0;0;0;0;0;0
688,219;0;0;0;0;0;0;0;0;0;0;0;0;0;0,00817022;0;0;0;0;0
688,219;0;0;0;0;0;0;0;0;0;0;0;0;0;0,00817022;0;0;0;0;0
689,2;0;0;0;0;0;0;0;0;0;0;0;0;4,46E-05;0;0;0;0;0;0
689,229;0;0;0;0;0;0;0;0;0;0;0;0;0;0,00411615;0;0;0;0;0
690;0;0,000120428;6,81E-05;2,49E-05;0;0;0;7,41E-05;5,67E-06;2,33E-06;5,80E-06;1,61E-06;0;0;0,000335598;9,32E-06;2,08E-05;0,000119187;0,000183974
690,21;0,000467935;0;0;0;0;0;0;0;0;0;0;0;0;0;0;0;0;0;0
690,25;0;0;0;0;0;0;0;0;0;0;0;0;0;0,00207049;0;0;0;0;0
690,25;0;0;0;0;0;0;0;0;0;0;0;0;0;0,00207049;0;0;0;0;0
691,239;0;0;0;0;0;0;0;0;0;0;0;0;0;0,0011106;0;0;0;0;0
692,239;0;0;0;0;0;0;0;0;0;0;0;0;0;0,000498728;0;0;0;0;0
692,239;0;0;0;0;0;0;0;0;0;0;0;0;0;0,000498728;0;0;0;0;0
693,19;0,000182585;0;0;0;0;0;0;0;0;0;0;0;4,93E-05;0;0;0;0;0;0
695,2;0,000107413;0;0;0;0;0;0;0;0;0;0;0;4,64E-05;0;0;0;0;0;0
697,21;0;0;0;0;0;0;0;0;0;0;0;0;4,16E-05;0;0;0;0;0;0
698,21;7,64E-05;0;0;0;0;0;0;0;0;0;0;0;0;0;0;0;0;0;0
699,2;0;0;0;0;0;0;0;0;0;0;0;0;3,96E-05;0;0;0;0;0;0
700;0;0,000412739;3,14E-05;2,14E-05;0;0;0;5,80E-05;3,78E-06;4,09E-06;5,74E-06;2,54E-06;0;0,000721096;0,000408577;1,12E-05;2,91E-05;0,000362213;0,000377622
700,19;8,30E-05;0;0;0;0;0;0;0;0;0;0;0;0;0;0;0;0;0;0
701,2;0;0;0;0;0;0;0;0;0;0;0;0;4,56E-05;0;0;0;0;0;0
703,21;0,000114591;0;0;0;0;0;0;0;0;0;0;0;4,67E-05;0;0;0;0;0;0
705,2;0,000106094;0;0;0;0;0;0;0;0;0;0;0;4,26E-05;0;0;0;0;0;0
707,19;0;0;0;0;0;0;0;0;0;0;0;0;4,09E-05;0;0;0;0;0;0
709,2;0;0;0;0;0;0;0;0;0;0;0;0;3,73E-05;0;0;0;0;0;0
710;0;9,05E-05;2,40E-05;1,97E-05;0;0;0;3,89E-05;8,33E-06;2,95E-06;7,34E-06;3,81E-06;0;0,000112995;0,000524848;1,41E-05;5,79E-05;0,00025814;0,000232028
710,2;7,74E-05;0;0;0;0;0;0;0;0;0;0;0;0;0;0;0;0;0;0
710,465;0;0;0;0;0;0;0;0;0;0;0;0;0;0;0;0;0;0;0
711,21;0;0;0;0;0;0;0;0;0;0;0;0;5,16E-05;0;0;0;0;0;0
713,2;0,000100684;0;0;0;0;0;0;0;0;0;0;0;4,61E-05;0;0;0;0;0;0
715,2;0,000109653;0;0;0;0;0;0;0;0;0;0;0;5,89E-05;0;0;0;0;0;0
717,473;0;0;0;0;0;0;0;0;0;0;0;0;0;0;0;0;0;0;0
718,19;0,000120549;0;0;0;0;0;0;0;0;0;0;0;0;0;0;0;0;0;0
719,177;0;0;0;0;0;0;0;0;0;0;0;0;0;0;0;0;0;0;0
719,19;0;0;0;0;0;0;0;0;0;0;0;0;4,78E-05;0;0;0;0;0;0
720;0;0,000106752;3,75E-05;2,23E-05;0;0;0;5,28E-05;7,27E-06;3,96E-06;8,10E-06;1,90E-06;0;0,000105469;0,000784429;1,04E-05;4,17E-05;4,99E-05;9,28E-05
720,19;0,000127597;0;0;0;0;0;0;0;0;0;0;0;0;0;0;0;0;0;0
721,21;0;0;0;0;0;0;0;0;0;0;0;0;5,58E-05;0;0;0;0;0;0
724,795;0;0;0;0;0;0;0;0;0;0;0;0;0;0;0;0;0;0;0
724,822;0;0;0;0;0;0;0;0;0;0;0;0;0;0;0;0;0;0;0
729,064;0;0;0;0;0;0;0;0;0;0;0;0;0;0;0;0;0;0;0
730;2,14E-05;4,23E-05;2,94E-05;2,58E-05;0;0;0;1,90E-05;8,24E-06;1,37E-06;3,61E-06;2,34E-06;2,88E-05;4,06E-05;0,000615744;1,27E-05;1,01E-05;1,79E-05;9,35E-05
730,804;0;0;0;0;0;0;0;0;0;0;0;0;0;0;0;0;0;0;0
733,289;0;0;0;0;0;0;0;0;0;0;0;0;0;0;0,00263646;0;0;0;0
733,656;0;0;0;0;0;0;0;0;0;0;0;0;0;0;0;0;0;0;0
734,299;0;0;0;0;0;0;0;0;0;0;0;0;0;0;0,00436661;0;0;0;0
735,289;0;0;0;0;0;0;0;0;0;0;0;0;0;0;0,00750206;0;0;0;0
736,309;0;0;0;0;0;0;0;0;0;0;0;0;0;0;0,0147673;0;0;0;0
736,447;0;0;0;0;0;0;0;0;0;0;0;0;0;0;0;0;0;0;0
737,299;0;0;0;0;0;0;0;0;0;0;0;0;0;0;0,0319952;0;0;0;0
738,309;0;0;0;0;0;0;0;0;0;0;0;0;0;0;0,0731371;0;0;0;0
739,289;0;0;0;0;0;0;0;0;0;0;0;0;0;0;0,149887;0;0;0;0
740;2,88E-05;8,47E-05;4,62E-05;2,97E-05;0;0;0;2,37E-05;1,20E-05;2,74E-06;1,29E-05;2,89E-06;0,000138141;0,000374666;0;0,000154054;6,27E-05;8,09E-05;0,000102392
740,309;0;0;0;0;0;0;0;0;0;0;0;0;0;0;0,27305;0;0;0;0
741,309;0;0;0;0;0;0;0;0;0;0;0;0;0;0;0,425666;0;0;0;0
742,289;0;0;0;0;0;0;0;0;0;0;0;0;0;0;0,590853;0;0;0;0
743,289;0;0;0;0;0;0;0;0;0;0;0;0;0;0;0,756157;0;0;0;0
744,309;0;0;0;0;0;0;0;0;0;0;0;0;0;0;0,893901;0;0;0;0
745,299;0;0;0;0;0;0;0;0;0;0;0;0;0;0;0,968958;0;0;0;0
746,289;0;0;0;0;0;0;0;0;0;0;0;0;0;0;1;0;0;0;0
747,299;0;0;0;0;0;0;0;0;0;0;0;0;0;0;0,999002;0;0;0;0
748,289;0;0;0;0;0;0;0;0;0;0;0;0;0;0;0,948556;0;0;0;0
749,289;0;0;0;0;0;0;0;0;0;0;0;0;0;0;0,850051;0;0;0;0
749,499;0;0;0;0;0;0;0;0;0;0;0;0;0;0;0;0;0;0;0
750;2,26E-05;6,57E-05;4,69E-05;2,79E-05;0;0;0;3,61E-05;2,08E-05;3,43E-06;1,46E-05;1,42E-06;0,000156169;0,000532363;0;0,000452058;0,00012862;5,58E-05;8,24E-05
750,299;0;0;0;0;0;0;0;0;0;0;0;0;0;0;0,724795;0;0;0;0
751,289;0;0;0;0;0;0;0;0;0;0;0;0;0;0;0,579505;0;0;0;0
752,299;0;0;0;0;0;0;0;0;0;0;0;0;0;0;0,394172;0;0;0;0
753,28;0;0;0;0;0;0;0;0;0;0;0;0;0;0;0,212883;0;0;0;0
753,959;0;0;0;0;0;0;0;0;0;0;0;0;0;0;0;0;0;0;0
754,309;0;0;0;0;0;0;0;0;0;0;0;0;0;0;0,092485;0;0;0;0
755,299;0;0;0;0;0;0;0;0;0;0;0;0;0;0;0,0417258;0;0;0;0
756,309;0;0;0;0;0;0;0;0;0;0;0;0;0;0;0,0188261;0;0;0;0
757,289;0;0;0;0;0;0;0;0;0;0;0;0;0;0;0,00845815;0;0;0;0
758,289;0;0;0;0;0;0;0;0;0;0;0;0;0;0;0,00379639;0;0;0;0
759,289;0;0;0;0;0;0;0;0;0;0;0;0;0;0;0,00170488;0;0;0;0
760;3,89E-05;0,000215214;3,05E-05;2,60E-05;0;0;0;4,93E-05;1,01E-05;1,05E-05;1,25E-05;3,85E-06;0,000185282;0,000527135;0;0,000321376;0,000281897;3,41E-05;0,000101442
760,289;0;0;0;0;0;0;0;0;0;0;0;0;0;0;0,000776378;0;0;0;0
761,299;0;0;0;0;0;0;0;0;0;0;0;0;0;0;0,000335113;0;0;0;0
762,28;0;0;0;0;0;0;0;0;0;0;0;0;0;0;0,000145035;0;0;0;0
769,634;0;0;0;0;0;0;0;0;0;0;0;0;0;0;0;0;0;0;0
770;3,22E-05;0,000440674;8,99E-05;4,31E-05;0;0;0;2,95E-05;1,39E-05;7,05E-06;1,90E-05;6,87E-06;0,000344619;0,000537842;0,000175852;0,000195408;0,000626594;3,12E-05;9,61E-05
774,306;0;0;0;0;0;0;0;0;0;0;0;0;0;0;0;0;0;0;0
776,959;0;0;0;0;0;0;0;0;0;0;0;0;0;0;0;0;0;0;0
780;3,94E-05;0,000825851;6,85E-05;3,33E-05;0;0;0;1,83E-05;1,86E-05;5,61E-06;1,91E-05;3,65E-06;0,000710474;0,000508853;7,53E-05;0,000166237;0,00218818;4,31E-05;0,000120111
785,996;0;0;0;0;0;0;0;0;0;0;0;0;0;0;0;0;0;0;0
790;4,94E-05;0,0010283;0,000109446;5,41E-05;0;0;0;2,64E-05;1,60E-05;1,21E-05;2,00E-05;5,32E-06;0,000564728;0,000707279;7,89E-05;0,000152778;0,000190119;0,000109264;0,00013732
795,694;0;0;0;0;0;0;0;0;0;0;0;0;0;0;0;0;0;0;0
795,755;0;0;0;0;0;0;0;0;0;0;0;0;0;0;0;0;0;0;0
797,048;0;0;0;0;0;0;0;0;0;0;0;0;0;0;0;0;0;0;0
798,368;0;0;0;0;0;0;0;0;0;0;0;0;0;0;0;0;0;0;0
800;5,68E-05;0,00179476;6,62E-05;4,56E-05;0;0;0;2,78E-05;1,72E-05;1,14E-05;1,54E-05;5,65E-06;0,00103737;0,000922151;7,42E-05;0,000150773;0,000122838;0,000166402;0,000107925
803,369;0;0,000746964;0;0;0;0;0;0;0;0;0;0;0;0;0;0;0;0;0
805,39;0;0,00113458;0;0;0;0;0;0;0;0;0;0;0;0;0;0;0;0;0
805,588;0;0;0;0;0;0;0;0;0;0;0;0;0;0;0;0;0;0;0
806,388;0;0;0;0;0;0;0;0;0;0;0;0;0;0;0;0;0;0;0
808,369;0;0,00165372;0;0;0;0;0;0;0;0;0;0;0;0;0;0;0;0;0
810;6,69E-05;0;5,94E-05;6,62E-05;0;0;0;2,57E-05;2,27E-05;7,97E-06;2,71E-05;1,07E-05;0,000635217;0,000880489;8,86E-05;0,000175821;0,000362592;0,00114376;0,000300633
810,39;0;0,00193717;0;0;0;0;0;0;0;0;0;0;0;0;0;0;0;0;0
813,292;0;0;0;0;0;0;0;0;0;0;0;0;0;0;0;0;0;0;0
813,39;0;0,00283349;0;0;0;0;0;0;0;0;0;0;0;0;0;0;0;0;0
815,39;0;0,00395436;0;0;0;0;0;0;0;0;0;0;0;0;0;0;0;0;0
815,496;0;0;0;0;0;0;0;0;0;0;0;0;0;0;0;0;0;0;0
818,39;0;0,00707876;0;0;0;0;0;0;0;0;0;0;0;0;0;0;0;0;0
820;0,000118165;0;9,48E-05;7,16E-05;0;0;0;4,71E-05;4,03E-05;1,41E-05;2,94E-05;1,34E-05;0,000606898;0,000869612;0,000107263;0,000223303;0,000415579;0,00359902;0,000276261
820,39;0;0,0125305;0;0;0;0;0;0;0;0;0;0;0;0;0;0;0;0;0
821,097;0;0;0;0;0;0;0;0;0;0;0;0;0;0;0;0;0;0;0
823,39;0;0,0291913;0;0;0;0;0;0;0;0;0;0;0;0;0;0;0;0;0
824,86;0;0;0;0;0;0;0;0;0;0;0;0;0;0;0;0;0;0;0
825,39;0;0,0553052;0;0;0;0;0;0;0;0;0;0;0;0;0;0;0;0;0
826,163;0;0;0;0;0;0;0;0;0;0;0;0;0;0;0;0;0;0;0
828,38;0;0,113904;0;0;0;0;0;0;0;0;0;0;0;0;0;0;0;0;0
830;6,45E-05;0;0,000119635;7,69E-05;0;0;0;7,70E-05;2,86E-05;1,23E-05;2,93E-05;1,25E-05;0,000850426;0,00105499;0,00014657;0,000290183;0,000480299;0,000113875;0,000124103
830,38;0;0,164168;0;0;0;0;0;0;0;0;0;0;0;0;0;0;0;0;0
833,34;0;0;0;0;0;0;0;0;0;0;0;0;0;0;0;0;0;0;0
833,369;0;0,247134;0;0;0;0;0;0;0;0;0;0;0;0;0;0;0;0;0
834,156;0;0;0;0;0;0;0;0;0;0;0;0;0;0;0;0;0;0;0
835,369;0;0,329724;0;0;0;0;0;0;0;0;0;0;0;0;0;0;0;0;0
837,311;0;0;0;0;0;0;0;0;0;0;0;0;0;0;0;0;0;0;0
838,38;0;0,517874;0;0;0;0;0;0;0;0;0;0;0;0;0;0;0;0;0
840;0,000151329;0;0,000137343;0,000125787;0;0;0;6,46E-05;1,37E-05;1,06E-05;2,91E-05;7,20E-06;0,00197585;0,0014393;0,000182415;0,00064048;0,000704418;0,000113855;0,000243604
840,38;0;0,686537;0;0;0;0;0;0;0;0;0;0;0;0;0;0;0;0;0
843,39;0;0,899397;0;0;0;0;0;0;0;0;0;0;0;0;0;0;0;0;0
845,39;0;0,950015;0;0;0;0;0;0;0;0;0;0;0;0;0;0;0;0;0
845,562;0;0;0;0;0;0;0;0;0;0;0;0;0;0;0;0;0;0;0
846,415;0;0;0;0;0;0;0;0;0;0;0;0;0;0;0;0;0;0;0
847,32;0;0;0;0;0;0;0;0;0;0;0;0;0;0;0;0,00108751;0;0;0
848,309;0;0;0;0;0;0;0;0;0;0;0;0;0;0;0;0,00191672;0;0;0
848,38;0;0,961036;0;0;0;0;0;0;0;0;0;0;0;0;0;0;0;0;0
849,299;0;0;0;0;0;0;0;0;0;0;0;0;0;0;0;0,00337639;0;0;0
850;0,000230796;0;0,000157302;0,000201425;0;0;0;0,000103495;2,58E-05;1,44E-05;3,75E-05;1,46E-05;0,00173451;0,002407;0,00037556;0;0,000993038;8,35E-05;0,000126424
850,309;0;0;0;0;0;0;0;0;0;0;0;0;0;0;0;0,00643322;0;0;0
850,38;0;0,951878;0;0;0;0;0;0;0;0;0;0;0;0;0;0;0;0;0
851,299;0;0;0;0;0;0;0;0;0;0;0;0;0;0;0;0,0118963;0;0;0
852,32;0;0;0;0;0;0;0;0;0;0;0;0;0;0;0;0,0234688;0;0;0
853,299;0;0;0;0;0;0;0;0;0;0;0;0;0;0;0;0,0439229;0;0;0
853,369;0;0,941617;0;0;0;0;0;0;0;0;0;0;0;0;0;0;0;0;0
853,851;0;0;0;0;0;0;0;0;0;0;0;0;0;0;0;0;0;0;0
854,299;0;0;0;0;0;0;0;0;0;0;0;0;0;0;0;0,0800571;0;0;0
855,32;0;0;0;0;0;0;0;0;0;0;0;0;0;0;0;0,137202;0;0;0
855,39;0;0,947638;0;0;0;0;0;0;0;0;0;0;0;0;0;0;0;0;0
856,309;0;0;0;0;0;0;0;0;0;0;0;0;0;0;0;0,216302;0;0;0
857,32;0;0;0;0;0;0;0;0;0;0;0;0;0;0;0;0,320583;0;0;0
858,299;0;0;0;0;0;0;0;0;0;0;0;0;0;0;0;0,440943;0;0;0
858,369;0;0,972597;0;0;0;0;0;0;0;0;0;0;0;0;0;0;0;0;0
859,309;0;0;0;0;0;0;0;0;0;0;0;0;0;0;0;0,57562;0;0;0
860;0,000197672;0;0,000228641;0,000201415;0;0;0;0,000146338;3,63E-05;1,87E-05;2,56E-05;9,93E-06;0,00302237;0,00269147;0,00102471;0;0,00209355;5,31E-05;0,000590041
860,299;0;0;0;0;0;0;0;0;0;0;0;0;0;0;0;0,705557;0;0;0
860,369;0;0,992119;0;0;0;0;0;0;0;0;0;0;0;0;0;0;0;0;0
860,936;0;0;0;0;0;0;0;0;0;0;0;0;0;0;0;0;0;0;0
861,299;0;0;0;0;0;0;0;0;0;0;0;0;0;0;0;0,821097;0;0;0
862,299;0;0;0;0;0;0;0;0;0;0;0;0;0;0;0;0,908016;0;0;0
863,25;0;0;0;0;0;0;0;0;0;0;0;0;0;0;0;0;0,00153669;0;0
863,32;0;0;0;0;0;0;0;0;0;0;0;0;0;0;0;0,965926;0;0;0
863,38;0;1;0;0;0;0;0;0;0;0;0;0;0;0;0;0;0;0;0
864,309;0;0;0;0;0;0;0;0;0;0;0;0;0;0;0;0,993946;0;0;0
865,309;0;0;0;0;0;0;0;0;0;0;0;0;0;0;0;1;0;0;0
865,38;0;0,982019;0;0;0;0;0;0;0;0;0;0;0;0;0;0;0;0;0
866,25;0;0;0;0;0;0;0;0;0;0;0;0;0;0;0;0;0,00381636;0;0
866,32;0;0;0;0;0;0;0;0;0;0;0;0;0;0;0;0,992554;0;0;0
867,299;0;0;0;0;0;0;0;0;0;0;0;0;0;0;0;0,984748;0;0;0
868,32;0;0;0;0;0;0;0;0;0;0;0;0;0;0;0;0,971232;0;0;0
868,34;0;0;0;0;0;0;0;0;0;0;0;0;0;0;0;0;0;0;0,000552173
868,39;0;0,948361;0;0;0;0;0;0;0;0;0;0;0;0;0;0;0;0;0
869,25;0;0;0;0;0;0;0;0;0;0;0;0;0;0;0;0;0,00716805;0;0
869,309;0;0;0;0;0;0;0;0;0;0;0;0;0;0;0;0,944046;0;0;0
870;0,000163882;0;0,000151557;0,000179707;0;0;0;9,00E-05;4,60E-05;2,00E-05;3,18E-05;5,57E-06;0,00064762;0,00498437;0,00382516;0;0;5,43E-05;0
870,299;0;0;0;0;0;0;0;0;0;0;0;0;0;0;0;0,89756;0;0;0
870,342;0;0;0;0;0;0;0;0;0;0;0;0;0;0;0;0;0;0;0
870,369;0;0,905963;0;0;0;0;0;0;0;0;0;0;0;0;0;0;0;0;0
871,309;0;0;0;0;0;0;0;0;0;0;0;0;0;0;0;0,821835;0;0;0
871,33;0;0;0;0;0;0;0;0;0;0;0;0;0;0;0;0;0;0;0,00138738
872,202;0;0;0;0;0;0;0;0;0;0;0;0;0;0;0;0;0;0;0
872,26;0;0;0;0;0;0;0;0;0;0;0;0;0;0;0;0;0,0140354;0;0
872,32;0;0;0;0;0;0;0;0;0;0;0;0;0;0;0;0,725226;0;0;0
873,299;0;0;0;0;0;0;0;0;0;0;0;0;0;0;0;0,624753;0;0;0
873,369;0;0,747951;0;0;0;0;0;0;0;0;0;0;0;0;0;0;0;0;0
874,32;0;0;0;0;0;0;0;0;0;0;0;0;0;0;0;0,507534;0;0;0
874,34;0;0;0;0;0;0;0;0;0;0;0;0;0;0;0;0;0;0;0,00246915
875,25;0;0;0;0;0;0;0;0;0;0;0;0;0;0;0;0;0,0287295;0;0
875,309;0;0;0;0;0;0;0;0;0;0;0;0;0;0;0;0,374478;0;0;0
875,38;0;0,537965;0;0;0;0;0;0;0;0;0;0;0;0;0;0;0;0;0
876,309;0;0;0;0;0;0;0;0;0;0;0;0;0;0;0;0,227633;0;0;0
876,58;0;0;0;0;0;0;0;0;0;0;0;0;0;0;0;0;0;0;0
877,309;0;0;0;0;0;0;0;0;0;0;0;0;0;0;0;0,112904;0;0;0
877,33;0;0;0;0;0;0;0;0;0;0;0;0;0;0;0;0;0;0;0,0032992
878,26;0;0;0;0;0;0;0;0;0;0;0;0;0;0;0;0;0,0638651;0;0
878,32;0;0;0;0;0;0;0;0;0;0;0;0;0;0;0;0,0547014;0;0;0
878,39;0;0,230191;0;0;0;0;0;0;0;0;0;0;0;0;0;0;0;0;0
879,299;0;0;0;0;0;0;0;0;0;0;0;0;0;0;0;0,0295694;0;0;0
880;5,33E-05;0;9,43E-05;7,63E-05;0;0;0;4,55E-05;2,61E-05;2,56E-05;1,87E-05;9,53E-06;0,000414696;0,00054015;0,000156606;0;0;0,000109354;0
880,309;0;0;0;0;0;0;0;0;0;0;0;0;0;0;0;0,0176688;0;0;0
880,33;0;0;0;0;0;0;0;0;0;0;0;0;0;0;0;0;0;0;0,00373277
880,38;0;0,133463;0;0;0;0;0;0;0;0;0;0;0;0;0;0;0;0;0
881,239;0;0;0;0;0;0;0;0;0;0;0;0;0;0;0;0;0,141549;0;0
881,299;0;0;0;0;0;0;0;0;0;0;0;0;0;0;0;0,0115852;0;0;0
882,299;0;0;0;0;0;0;0;0;0;0;0;0;0;0;0;0,0080226;0;0;0
883,299;0;0;0;0;0;0;0;0;0;0;0;0;0;0;0;0,00570772;0;0;0
883,32;0;0;0;0;0;0;0;0;0;0;0;0;0;0;0;0;0;0;0,00433887
883,369;0;0,0674524;0;0;0;0;0;0;0;0;0;0;0;0;0;0;0;0;0
884,239;0;0;0;0;0;0;0;0;0;0;0;0;0;0;0;0;0,299075;0;0
884,309;0;0;0;0;0;0;0;0;0;0;0;0;0;0;0;0,00415471;0;0;0
884,946;0;0;0;0;0;0;0;0;0;0;0;0;0;0;0;0;0;0;0
885,32;0;0;0;0;0;0;0;0;0;0;0;0;0;0;0;0,00296429;0;0;0
885,39;0;0,0508459;0;0;0;0;0;0;0;0;0;0;0;0;0;0;0;0;0
886,309;0;0;0;0;0;0;0;0;0;0;0;0;0;0;0;0,00202834;0;0;0
886,33;0;0;0;0;0;0;0;0;0;0;0;0;0;0;0;0;0;0;0,00608017
887,25;0;0;0;0;0;0;0;0;0;0;0;0;0;0;0;0;0,536146;0;0
887,309;0;0;0;0;0;0;0;0;0;0;0;0;0;0;0;0,00131317;0;0;0
888,32;0;0;0;0;0;0;0;0;0;0;0;0;0;0;0;0,00079151;0;0;0
888,38;0;0,0368758;0;0;0;0;0;0;0;0;0;0;0;0;0;0;0;0;0
889,299;0;0;0;0;0;0;0;0;0;0;0;0;0;0;0;0,000506564;0;0;0
889,32;0;0;0;0;0;0;0;0;0;0;0;0;0;0;0;0;0;0;0,0102262
890;6,35E-05;0;7,71E-05;5,76E-05;0;0;0;1,56E-05;1,23E-05;3,34E-05;1,87E-05;5,24E-06;0,000379999;0,000429834;0,000110504;0;0;0,000165201;0
890,239;0;0;0;0;0;0;0;0;0;0;0;0;0;0;0;0;0,781357;0;0
890,299;0;0;0;0;0;0;0;0;0;0;0;0;0;0;0;0,000271489;0;0;0
890,369;0;0,03086;0;0;0;0;0;0;0;0;0;0;0;0;0;0;0;0;0
891,299;0;0;0;0;0;0;0;0;0;0;0;0;0;0;0;0,000139951;0;0;0
892,32;0;0;0;0;0;0;0;0;0;0;0;0;0;0;0;0;0;0;0,0179884
893,25;0;0;0;0;0;0;0;0;0;0;0;0;0;0;0;0;0,932649;0;0
893,258;0;0;0;0;0;0;0;0;0;0;0;0;0;0;0;0;0;0;0
893,38;0;0,022257;0;0;0;0;0;0;0;0;0;0;0;0;0;0;0;0;0
893,901;0;0;0;0;0;0;0;0;0;0;0;0;0;0;0;0;0;0;0
894,021;0;0;0;0;0;0;0;0;0;0;0;0;0;0;0;0;0;0;0
895,33;0;0;0;0;0;0;0;0;0;0;0;0;0;0;0;0;0;0;0,0313845
895,38;0;0,0170015;0;0;0;0;0;0;0;0;0;0;0;0;0;0;0;0;0
896,25;0;0;0;0;0;0;0;0;0;0;0;0;0;0;0;0;0,978567;0;0
896,885;0;0;0;0;0;0;0;0;0;0;0;0;0;0;0;0;0;0;0
898,33;0;0;0;0;0;0;0;0;0;0;0;0;0;0;0;0;0;0;0,0492473
898,38;0;0,00998963;0;0;0;0;0;0;0;0;0;0;0;0;0;0;0;0;0
899,25;0;0;0;0;0;0;0;0;0;0;0;0;0;0;0;0;0,991874;0;0
899,397;0;0;0;0;0;0;0;0;0;0;0;0;0;0;0;0;0;0;0
899,536;0;0;0;0;0;0;0;0;0;0;0;0;0;0;0;0;0;0;0
900;5,14E-05;0;7,07E-05;2,88E-05;0;0;0;1,72E-05;1,68E-05;3,26E-05;1,85E-05;4,56E-06;0,000313011;0,000362876;5,38E-05;0,000283096;0;0,000138523;0
900,188;0;0;0;0;0;0;0;0;0;0;0;0;0;0;0;0;0;0;0
900,369;0;0,00775458;0;0;0;0;0;0;0;0;0;0;0;0;0;0;0;0;0
901,278;0;0;0;0;0;0;0;0;0;0;0;0;0;0;0;0;0;0;0
901,33;0;0;0;0;0;0;0;0;0;0;0;0;0;0;0;0;0;0;0,0744332
902,25;0;0;0;0;0;0;0;0;0;0;0;0;0;0;0;0;1;0;0
904,34;0;0;0;0;0;0;0;0;0;0;0;0;0;0;0;0;0;0;0,119953
904,408;0;0;0;0;0;0;0;0;0;0;0;0;0;0;0;0;0;0;0
905,185;0;0;0;0;0;0;0;0;0;0;0;0;0;0;0;0;0;0;0
905,239;0;0;0;0;0;0;0;0;0;0;0;0;0;0;0;0;0,995018;0;0
905,679;0;0;0;0;0;0;0;0;0;0;0;0;0;0;0;0;0;0;0
905,835;0;0;0;0;0;0;0;0;0;0;0;0;0;0;0;0;0;0;0
907,32;0;0;0;0;0;0;0;0;0;0;0;0;0;0;0;0;0;0;0,210168
908,26;0;0;0;0;0;0;0;0;0;0;0;0;0;0;0;0;0,985953;0;0
909,819;0;0;0;0;0;0;0;0;0;0;0;0;0;0;0;0;0;0;0
910;6,45E-05;0,00477509;7,36E-05;3,78E-05;0;0;0;1,26E-05;1,77E-05;3,68E-05;2,03E-05;1,03E-05;0,00039022;0,000398638;4,00E-05;0,000187054;0;0,000342517;0
910,32;0;0;0;0;0;0;0;0;0;0;0;0;0;0;0;0;0;0;0,365959
911,25;0;0;0;0;0;0;0;0;0;0;0;0;0;0;0;0;0,984673;0;0
911,347;0;0;0;0;0;0;0;0;0;0;0;0;0;0;0;0;0;0;0
913,34;0;0;0;0;0;0;0;0;0;0;0;0;0;0;0;0;0;0;0,557468
914,239;0;0;0;0;0;0;0;0;0;0;0;0;0;0;0;0;0,983359;0;0
916,33;0;0;0;0;0;0;0;0;0;0;0;0;0;0;0;0;0;0;0,710465
917,239;0;0;0;0;0;0;0;0;0;0;0;0;0;0;0;0;0,896885;0;0
918,1;0;0;0;0;0;0;0;0;0;0;0;0;0;0;0;0;0;0;0
919,33;0;0;0;0;0;0;0;0;0;0;0;0;0;0;0;0;0;0;0,790124
919,454;0;0;0;0;0;0;0;0;0;0;0;0;0;0;0;0;0;0;0
920;3,51E-05;0,00550343;5,84E-05;4,08E-05;0;0;0;1,09E-05;1,48E-05;2,82E-05;2,15E-05;1,29E-05;0,000716057;0,000470914;3,21E-05;0,000100899;0;0,00631466;0
920,25;0;0;0;0;0;0;0;0;0;0;0;0;0;0;0;0;0,657037;0;0
921,25;0;0;0;0;0;0;0;0;0;0;0;0;0;0;0;0;0;0,00260296;0
922,239;0;0;0;0;0;0;0;0;0;0;0;0;0;0;0;0;0;0,00811997;0
922,33;0;0;0;0;0;0;0;0;0;0;0;0;0;0;0;0;0;0;0,834156
923,25;0;0;0;0;0;0;0;0;0;0;0;0;0;0;0;0;0,349541;0,020514;0
924,25;0;0;0;0;0;0;0;0;0;0;0;0;0;0;0;0;0;0,0466882;0
925,239;0;0;0;0;0;0;0;0;0;0;0;0;0;0;0;0;0;0,0968849;0
925,33;0;0;0;0;0;0;0;0;0;0;0;0;0;0;0;0;0;0;0,874839
926,25;0;0;0;0;0;0;0;0;0;0;0;0;0;0;0;0;0,150066;0,176443;0
927,25;0;0;0;0;0;0;0;0;0;0;0;0;0;0;0;0;0;0,283054;0
928,25;0;0;0;0;0;0;0;0;0;0;0;0;0;0;0;0;0;0,40788;0
928,34;0;0;0;0;0;0;0;0;0;0;0;0;0;0;0;0;0;0;0,908208
929,19;0;0;0;0;0;0;0;0;0;0;0;0;0;0;0;0;0;0;0
929,25;0;0;0;0;0;0;0;0;0;0;0;0;0;0;0;0;0,0696377;0,5397;0
929,473;0;0;0;0;0;0;0;0;0;0;0;0;0;0;0;0;0;0;0
930;3,44E-05;0,00352123;6,47E-05;4,97E-05;0;0;0;8,61E-06;1,58E-05;1,45E-05;1,10E-05;1,13E-05;0,000338653;0,000465606;2,21E-05;5,30E-05;0;0;0
930,25;0;0;0;0;0;0;0;0;0;0;0;0;0;0;0;0;0;0,671584;0
931,25;0;0;0;0;0;0;0;0;0;0;0;0;0;0;0;0;0;0,795694;0
931,34;0;0;0;0;0;0;0;0;0;0;0;0;0;0;0;0;0;0;0,933493
932,239;0;0;0;0;0;0;0;0;0;0;0;0;0;0;0;0;0,0367187;0,895987;0
932,612;0;0;0;0;0;0;0;0;0;0;0;0;0;0;0;0;0;0;0
932,649;0;0;0;0;0;0;0;0;0;0;0;0;0;0;0;0;0;0;0
933,25;0;0;0;0;0;0;0;0;0;0;0;0;0;0;0;0;0;0,96191;0
934,25;0;0;0;0;0;0;0;0;0;0;0;0;0;0;0;0;0;0,99259;0
934,33;0;0;0;0;0;0;0;0;0;0;0;0;0;0;0;0;0;0;0,963159
935,26;0;0;0;0;0;0;0;0;0;0;0;0;0;0;0;0;0,0197457;1;0
936,239;0;0;0;0;0;0;0;0;0;0;0;0;0;0;0;0;0;0,995637;0
936,78;0;0;0;0;0;0;0;0;0;0;0;0;0;0;0;0;0;0;0
937,239;0;0;0;0;0;0;0;0;0;0;0;0;0;0;0;0;0;0,982598;0
937,32;0;0;0;0;0;0;0;0;0;0;0;0;0;0;0;0;0;0;0,988785
938,239;0;0;0;0;0;0;0;0;0;0;0;0;0;0;0;0;0,0101436;0,952544;0
938,498;0;0;0;0;0;0;0;0;0;0;0;0;0;0;0;0;0;0;0
939,239;0;0;0;0;0;0;0;0;0;0;0;0;0;0;0;0;0;0,895022;0
939,42;0;0;0;0;0;0;0;0;0;0;0;0;0;0;0;0;0;0;0
939,849;0;0;0;0;0;0;0;0;0;0;0;0;0;0;0;0;0;0;0
940;3,32E-05;0,00129277;9,03E-05;5,04E-05;0;0;0;2,76E-05;1,75E-05;1,52E-05;2,06E-05;1,68E-05;0,000277349;0,000405742;2,20E-05;4,06E-05;0;0;0
940,25;0;0;0;0;0;0;0;0;0;0;0;0;0;0;0;0;0;0,800844;0
940,33;0;0;0;0;0;0;0;0;0;0;0;0;0;0;0;0;0;0;1
941,25;0;0;0;0;0;0;0;0;0;0;0;0;0;0;0;0;0;0,677737;0
941,26;0;0;0;0;0;0;0;0;0;0;0;0;0;0;0;0;0,00500915;0;0
941,617;0;0;0;0;0;0;0;0;0;0;0;0;0;0;0;0;0;0;0
942,26;0;0;0;0;0;0;0;0;0;0;0;0;0;0;0;0;0;0,538162;0
943,25;0;0;0;0;0;0;0;0;0;0;0;0;0;0;0;0;0;0,39978;0
943,34;0;0;0;0;0;0;0;0;0;0;0;0;0;0;0;0;0;0;0,995003
944,239;0;0;0;0;0;0;0;0;0;0;0;0;0;0;0;0;0;0,271567;0
944,25;0;0;0;0;0;0;0;0;0;0;0;0;0;0;0;0;0,00282929;0;0
944,913;0;0;0;0;0;0;0;0;0;0;0;0;0;0;0;0;0;0;0
945,25;0;0;0;0;0;0;0;0;0;0;0;0;0;0;0;0;0;0,160349;0
946,25;0;0;0;0;0;0;0;0;0;0;0;0;0;0;0;0;0;0,0801314;0
946,33;0;0;0;0;0;0;0;0;0;0;0;0;0;0;0;0;0;0;0,986899
946,519;0;0;0;0;0;0;0;0;0;0;0;0;0;0;0;0;0;0;0
947,239;0;0;0;0;0;0;0;0;0;0;0;0;0;0;0;0;0,00185772;0,034489;0
948,239;0;0;0;0;0;0;0;0;0;0;0;0;0;0;0;0;0;0,0141569;0
948,556;0;0;0;0;0;0;0;0;0;0;0;0;0;0;0;0;0;0;0
949,239;0;0;0;0;0;0;0;0;0;0;0;0;0;0;0;0;0;0,00514307;0
949,33;0;0;0;0;0;0;0;0;0;0;0;0;0;0;0;0;0;0;0,957158
949,81;0;0;0;0;0;0;0;0;0;0;0;0;0;0;0;0;0;0;0
950;7,76E-05;0,00294685;8,40E-05;5,70E-05;0;0;0;2,72E-05;8,81E-06;6,23E-06;1,52E-05;9,83E-06;0,000288153;0,000345988;9,16E-06;7,49E-05;0;0;0
950,26;0;0;0;0;0;0;0;0;0;0;0;0;0;0;0;0;0,00139462;0,00181415;0
952,34;0;0;0;0;0;0;0;0;0;0;0;0;0;0;0;0;0;0;0,866557
952,935;0;0;0;0;0;0;0;0;0;0;0;0;0;0;0;0;0;0;0
955,33;0;0;0;0;0;0;0;0;0;0;0;0;0;0;0;0;0;0;0,710571
958,33;0;0;0;0;0;0;0;0;0;0;0;0;0;0;0;0;0;0;0,523736
960;8,88E-05;0,00218502;8,74E-05;5,29E-05;0;0;0;2,44E-05;1,74E-05;8,51E-06;1,07E-05;9,05E-06;0,000356459;0,000332874;8,32E-06;8,30E-05;0,0012781;0,000328852;0
961,036;0;0;0;0;0;0;0;0;0;0;0;0;0;0;0;0;0;0;0
961,32;0;0;0;0;0;0;0;0;0;0;0;0;0;0;0;0;0;0;0,355433
961,91;0;0;0;0;0;0;0;0;0;0;0;0;0;0;0;0;0;0;0
963,823;0;0;0;0;0;0;0;0;0;0;0;0;0;0;0;0;0;0;0
964,32;0;0;0;0;0;0;0;0;0;0;0;0;0;0;0;0;0;0;0,22512
965,926;0;0;0;0;0;0;0;0;0;0;0;0;0;0;0;0;0;0;0
966,143;0;0;0;0;0;0;0;0;0;0;0;0;0;0;0;0;0;0;0
967,32;0;0;0;0;0;0;0;0;0;0;0;0;0;0;0;0;0;0;0,135065
968,09;0;0;0;0;0;0;0;0;0;0;0;0;0;0;0;0;0;0;0
970;0,000139009;0,00188737;0,000118499;7,57E-05;0;0;0;2,70E-05;1,50E-05;7,09E-06;1,34E-05;4,68E-06;0,000184447;0,000259072;5,64E-06;0,000148341;0,000675349;8,01E-05;0
970,33;0;0;0;0;0;0;0;0;0;0;0;0;0;0;0;0;0;0;0,0778813
970,375;0;0;0;0;0;0;0;0;0;0;0;0;0;0;0;0;0;0;0
972,597;0;0;0;0;0;0;0;0;0;0;0;0;0;0;0;0;0;0;0
972,97;0;0;0;0;0;0;0;0;0;0;0;0;0;0;0;0;0;0;0
973,33;0;0;0;0;0;0;0;0;0;0;0;0;0;0;0;0;0;0;0,0456242
974,399;0;0;0;0;0;0;0;0;0;0;0;0;0;0;0;0;0;0;0
974,604;0;0;0;0;0;0;0;0;0;0;0;0;0;0;0;0;0;0;0
974,737;0;0;0;0;0;0;0;0;0;0;0;0;0;0;0;0;0;0;0
976,34;0;0;0;0;0;0;0;0;0;0;0;0;0;0;0;0;0;0;0,0289594
977,992;0;0;0;0;0;0;0;0;0;0;0;0;0;0;0;0;0;0;0
978,343;0;0;0;0;0;0;0;0;0;0;0;0;0;0;0;0;0;0;0
979,33;0;0;0;0;0;0;0;0;0;0;0;0;0;0;0;0;0;0;0,0204673
980;4,80E-05;0,00200623;6,29E-05;6,46E-05;0;0;0;3,12E-05;1,14E-05;6,48E-06;9,59E-06;5,77E-06;0,000150656;0,000218223;9,62E-06;0,000208409;0,00058151;3,70E-05;0
981,414;0;0;0;0;0;0;0;0;0;0;0;0;0;0;0;0;0;0;0
982,297;0;0;0;0;0;0;0;0;0;0;0;0;0;0;0;0;0;0;0
982,34;0;0;0;0;0;0;0;0;0;0;0;0;0;0;0;0;0;0;0,0158911
982,867;0;0;0;0;0;0;0;0;0;0;0;0;0;0;0;0;0;0;0
983,348;0;0;0;0;0;0;0;0;0;0;0;0;0;0;0;0;0;0;0
984,551;0;0;0;0;0;0;0;0;0;0;0;0;0;0;0;0;0;0;0
984,673;0;0;0;0;0;0;0;0;0;0;0;0;0;0;0;0;0;0;0
984,748;0;0;0;0;0;0;0;0;0;0;0;0;0;0;0;0;0;0;0
985,33;0;0;0;0;0;0;0;0;0;0;0;0;0;0;0;0;0;0;0,0129311
987,138;0;0;0;0;0;0;0;0;0;0;0;0;0;0;0;0;0;0;0
988,34;0;0;0;0;0;0;0;0;0;0;0;0;0;0;0;0;0;0;0,0103355
988,973;0;0;0;0;0;0;0;0;0;0;0;0;0;0;0;0;0;0;0
990;3,38E-05;9,24E-05;4,32E-05;4,67E-05;0;0;0;1,48E-05;1,00E-05;6,89E-06;1,16E-05;4,77E-06;0,000155525;0,000209644;5,03E-06;0,000125084;0,000362182;2,56E-05;0
990,484;0;0;0;0;0;0;0;0;0;0;0;0;0;0;0;0;0;0;0
990,801;0;0;0;0;0;0;0;0;0;0;0;0;0;0;0;0;0;0;0
990,802;0;0;0;0;0;0;0;0;0;0;0;0;0;0;0;0;0;0;0
990,9;0;0;0;0;0;0;0;0;0;0;0;0;0;0;0;0;0;0;0
991,32;0;0;0;0;0;0;0;0;0;0;0;0;0;0;0;0;0;0;0,00772749
991,874;0;0;0;0;0;0;0;0;0;0;0;0;0;0;0;0;0;0;0
994,017;0;0;0;0;0;0;0;0;0;0;0;0;0;0;0;0;0;0;0
994,33;0;0;0;0;0;0;0;0;0;0;0;0;0;0;0;0;0;0;0,00555292
994,435;0;0;0;0;0;0;0;0;0;0;0;0;0;0;0;0;0;0;0
995,018;0;0;0;0;0;0;0;0;0;0;0;0;0;0;0;0;0;0;0
995,117;0;0;0;0;0;0;0;0;0;0;0;0;0;0;0;0;0;0;0
995,265;0;0;0;0;0;0;0;0;0;0;0;0;0;0;0;0;0;0;0
997,33;0;0;0;0;0;0;0;0;0;0;0;0;0;0;0;0;0;0;0,00377608
997,915;0;0;0;0;0;0;0;0;0;0;0;0;0;0;0;0;0;0;0
998,384;0;0;0;0;0;0;0;0;0;0;0;0;0;0;0;0;0;0;0
999,98;0;0;0;0;0;0;0;0;0;0;0;0;0;0;0;0;0;0;0
1000;3,27E-05;6,44E-05;5,74E-05;4,69E-05;0;0;0;1,68E-05;9,66E-06;5,23E-06;7,33E-06;3,94E-06;0,000268848;0,000190268;7,17E-06;9,99E-05;0,000423911;4,04E-05;0
1000,3;0;0;0;0;0;0;0;0;0;0;0;0;0;0;0;0;0;0;0,00259656
1003,3;0;0;0;0;0;0;0;0;0;0;0;0;0;0;0;0;0;0;0,00191091
1006,3;0;0;0;0;0;0;0;0;0;0;0;0;0;0;0;0;0;0;0,0015974
1009,3;0;0;0;0;0;0;0;0;0;0;0;0;0;0;0;0;0;0;0,00148869
1010;4,12E-05;8,82E-05;2,87E-05;3,55E-05;0;0;0;7,55E-06;1,64E-05;5,75E-06;7,21E-06;7,06E-06;7,61E-05;0,000136053;4,09E-06;0,000129476;0,000381458;1,90E-05;0
1012,3;0;0;0;0;0;0;0;0;0;0;0;0;0;0;0;0;0;0;0,00148732
1015,3;0;0;0;0;0;0;0;0;0;0;0;0;0;0;0;0;0;0;0,00151618
1020;5,93E-05;8,12E-05;5,06E-05;6,18E-05;0;0;0;3,09E-05;1,44E-05;3,45E-06;8,21E-06;5,61E-06;6,71E-05;0,000127374;5,05E-06;0,000278277;0,00045003;5,15E-05;0,00181252
1030;6,13E-05;7,90E-05;4,23E-05;4,64E-05;0;0;0;9,48E-06;1,36E-05;9,13E-06;1,04E-05;3,99E-06;0,000275005;0,0002378;4,58E-06;0,000161826;0,000512839;5,09E-05;0,000864731
1040;5,36E-05;0,000279722;3,85E-05;6,04E-05;0;0;0;1,16E-05;1,85E-05;1,07E-05;9,65E-06;3,25E-06;8,28E-05;0,000136736;9,39E-06;0,000307667;0,000529104;3,83E-05;0,000679166
1050;6,06E-05;8,73E-05;8,53E-05;9,76E-05;0;0;0;3,36E-05;3,23E-05;1,19E-05;8,53E-06;8,68E-06;5,90E-05;0,000180565;8,02E-06;0,000211423;0,000261951;6,00E-05;0,00127365
1060;7,26E-05;9,06E-05;6,37E-05;5,23E-05;0;0;0;2,06E-05;2,17E-05;9,31E-06;8,98E-06;6,03E-06;4,87E-05;0,000789037;8,33E-06;0,000187154;6,45E-05;7,30E-05;0,000915256
1070;7,03E-05;0,000123485;7,83E-05;8,69E-05;0;0;0;3,68E-05;1,40E-05;1,11E-05;7,52E-06;9,31E-06;6,71E-05;6,96E-05;1,32E-05;0,000184347;7,39E-05;0,000458573;0,00165244
1080;7,90E-05;0,000201437;0,000105559;0,000117684;0;0;0;2,48E-05;2,59E-05;1,77E-05;1,99E-05;5,86E-06;9,13E-05;5,91E-05;1,85E-05;0,000373871;0,000150047;0,000198642;0,000559615
1090;9,24E-05;0,000254824;0,000125489;0,000147165;0;0;0;5,27E-05;5,18E-05;2,23E-05;1,02E-05;1,16E-05;0,00010255;7,38E-05;2,60E-05;0,000678731;0,000182747;0,000721875;0,000206005
1100;0,000126032;0,00025243;0,00016521;0,000177797;1,62E-05;4,84E-06;4,06E-06;0,000100952;6,21E-05;3,12E-05;3,83E-05;3,03E-05;6,09E-05;0,000169307;2,46E-05;0,00030072;0,000307645;0,000165722;0,000213159
1103;0;0;0;0;0;0;0;0;0;0;0;0;0;0;0;0;0;0;0
1104;0;0;0;0;0;0;0;0;0;0;0;0;0;0;0;0;0;0;0
1123;0;0;0;0;0;0;0;0;0;0;0;0;0;0;0;0;0;0;0
1124;0;0;0;0;0;0;0;0;0;0;0;0;0;0;0;0;0;0;0
1139;0;0;0;0;0;0;0;0;0;0;0;0;0;0;0;0;0;0;0
1140;0;0;0;0;2,37E-05;1,61E-06;1,02E-06;0;0;0;0;0;0;0;0;0;0;0;0
1144;0;0;0;0;0;0;0;0;0;0;0;0;0;0;0;0;0;0;0
1164;0;0;0;0;0;0;0;0;0;0;0;0;0;0;0;0;0;0;0
1179;0;0;0;0;0;0;0;0;0;0;0;0;0;0;0;0;0;0;0
1180;0;0;0;0;0,000258986;1,86E-06;1,02E-06;0;0;0;0;0;0;0;0;0;0;0;0
1184;0;0;0;0;0;0;0;0;0;0;0;0;0;0;0;0;0;0;0
1197,5;0;0;0;0;6,50E-05;0;0;0;0;0;0;0;0;0;0;0;0;0;0
1198,5;0;0;0;0;8,15E-05;0;0;0;0;0;0;0;0;0;0;0;0;0;0
1200;0;0;0;0;0;0;0;0;0;0;0;0;0;0;0;0;0;0;0
1200,5;0;0;0;0;0,000143079;0;0;0;0;0;0;0;0;0;0;0;0;0;0
1201,5;0;0;0;0;0,000187813;0;0;0;0;0;0;0;0;0;0;0;0;0;0
1203;0;0;0;0;0;0;0;0;0;0;0;0;0;0;0;0;0;0;0
1203,5;0;0;0;0;0,000339769;0;0;0;0;0;0;0;0;0;0;0;0;0;0
1204;0;0;0;0;0;0;0;0;0;0;0;0;0;0;0;0;0;0;0
1204,5;0;0;0;0;0,00045087;0;0;0;0;0;0;0;0;0;0;0;0;0;0
1206,5;0;0;0;0;0,000743413;0;0;0;0;0;0;0;0;0;0;0;0;0;0
1207,5;0;0;0;0;0,00111233;0;0;0;0;0;0;0;0;0;0;0;0;0;0
1209,5;0;0;0;0;0,00215808;0;0;0;0;0;0;0;0;0;0;0;0;0;0
1210,5;0;0;0;0;0,00304024;0;0;0;0;0;0;0;0;0;0;0;0;0;0
1212,5;0;0;0;0;0,00560942;0;0;0;0;0;0;0;0;0;0;0;0;0;0
1213,5;0;0;0;0;0,00777441;0;0;0;0;0;0;0;0;0;0;0;0;0;0
1215,5;0;0;0;0;0,0139018;0;0;0;0;0;0;0;0;0;0;0;0;0;0
1216,5;0;0;0;0;0,0187724;0;0;0;0;0;0;0;0;0;0;0;0;0;0
1218,5;0;0;0;0;0,0321479;0;0;0;0;0;0;0;0;0;0;0;0;0;0
1219,5;0;0;0;0;0,0426703;0;0;0;0;0;0;0;0;0;0;0;0;0;0
1220;0;0;0;0;0;4,34E-05;2,03E-06;0;0;0;0;0;0;0;0;0;0;0;0
1221,5;0;0;0;0;0,0708867;0;0;0;0;0;0;0;0;0;0;0;0;0;0
1222,5;0;0;0;0;0,0937679;0;0;0;0;0;0;0;0;0;0;0;0;0;0
1223;0;0;0;0;0;0;0;0;0;0;0;0;0;0;0;0;0;0;0
1224;0;0;0;0;0;0;0;0;0;0;0;0;0;0;0;0;0;0;0
1224,5;0;0;0;0;0,154784;0;0;0;0;0;0;0;0;0;0;0;0;0;0
1225,5;0;0;0;0;0,200808;0;0;0;0;0;0;0;0;0;0;0;0;0;0
1227,5;0;0;0;0;0,313708;0;0;0;0;0;0;0;0;0;0;0;0;0;0
1228,5;0;0;0;0;0,383924;0;0;0;0;0;0;0;0;0;0;0;0;0;0
1230,5;0;0;0;0;0,527227;0;0;0;0;0;0;0;0;0;0;0;0;0;0
1231,5;0;0;0;0;0,596294;0;0;0;0;0;0;0;0;0;0;0;0;0;0
1233,5;0;0;0;0;0,729626;0;0;0;0;0;0;0;0;0;0;0;0;0;0
1234,5;0;0;0;0;0,785996;0;0;0;0;0;0;0;0;0;0;0;0;0;0
1236,5;0;0;0;0;0,871779;0;0;0;0;0;0;0;0;0;0;0;0;0;0
1237,5;0;0;0;0;0,899536;0;0;0;0;0;0;0;0;0;0;0;0;0;0
1239,5;0;0;0;0;0,947142;0;0;0;0;0;0;0;0;0;0;0;0;0;0
1240;0;0;0;0;0;0;0;0;0;0;0;0;0;0;0;0;0;0;0
1240,5;0;0;0;0;0,966143;0;0;0;0;0;0;0;0;0;0;0;0;0;0
1242,5;0;0;0;0;0,995624;0;0;0;0;0;0;0;0;0;0;0;0;0;0
1243;0;0;0;0;0;0;0;0;0;0;0;0;0;0;0;0;0;0;0
1243,5;0;0;0;0;1;0;0;0;0;0;0;0;0;0;0;0;0;0;0
1244;0;0;0;0;0;0;0;0;0;0;0;0;0;0;0;0;0;0;0
1245,5;0;0;0;0;0,994091;0;0;0;0;0;0;0;0;0;0;0;0;0;0
1246,5;0;0;0;0;0,977992;0;0;0;0;0;0;0;0;0;0;0;0;0;0
1248,5;0;0;0;0;0,917341;0;0;0;0;0;0;0;0;0;0;0;0;0;0
1249,5;0;0;0;0;0,860936;0;0;0;0;0;0;0;0;0;0;0;0;0;0
1251,5;0;0;0;0;0,71745;0;0;0;0;0;0;0;0;0;0;0;0;0;0
1252,5;0;0;0;0;0,632326;0;0;0;0;0;0;0;0;0;0;0;0;0;0
1254,5;0;0;0;0;0,458389;0;0;0;0;0;0;0;0;0;0;0;0;0;0
1255,5;0;0;0;0;0,375542;0;0;0;0;0;0;0;0;0;0;0;0;0;0
1257,5;0;0;0;0;0,233188;0;0;0;0;0;0;0;0;0;0;0;0;0;0
1258,5;0;0;0;0;0,185368;0;0;0;0;0;0;0;0;0;0;0;0;0;0
1259;0;0;0;0;0;0;0;0;0;0;0;0;0;0;0;0;0;0;0
1260;0;0;0;0;0;0,000424505;4,06E-06;0;0;0;0;0;0;0;0;0;0;0;0
1260,5;0;0;0;0;0,113761;0;0;0;0;0;0;0;0;0;0;0;0;0;0
1261,5;0;0;0;0;0,0912707;0;0;0;0;0;0;0;0;0;0;0;0;0;0
1263,5;0;0;0;0;0,0568746;0;0;0;0;0;0;0;0;0;0;0;0;0;0
1264;0;0;0;0;0;0;0;0;0;0;0;0;0;0;0;0;0;0;0
1264,5;0;0;0;0;0,0454563;0;0;0;0;0;0;0;0;0;0;0;0;0;0
1266,5;0;0;0;0;0,0287779;0;0;0;0;0;0;0;0;0;0;0;0;0;0
1267,5;0;0;0;0;0,0237454;0;0;0;0;0;0;0;0;0;0;0;0;0;0
1269,5;0;0;0;0;0,016255;0;0;0;0;0;0;0;0;0;0;0;0;0;0
1270,5;0;0;0;0;0,0144027;0;0;0;0;0;0;0;0;0;0;0;0;0;0
1279;0;0;0;0;0;0;0;0;0;0;0;0;0;0;0;0;0;0;0
1284;0;0;0;0;0;0;0;0;0;0;0;0;0;0;0;0;0;0;0
1299;0;0;0;0;0;0;0;0;0;0;0;0;0;0;0;0;0;0;0
1300;0;0;0;0;0,000658991;0,00259219;8,13E-06;0;0;0;0;0;0;0;0;0;0;0;0
1304;0;0;0;0;0;0;0;0;0;0;0;0;0;0;0;0;0;0;0
1320;0;0;0;0;0;0;0;0;0;0;0;0;0;0;0;0;0;0;0
1324;0;0;0;0;0;0;0;0;0;0;0;0;0;0;0;0;0;0;0
1331,6;0;0;0;0;0;0;0;0;0;0;0;0;0;0;0;0;0;0;0
1332,6;0;0;0;0;0;0;0;0;0;0;0;0;0;0;0;0;0;0;0
1333,6;0;0;0;0;0;0;0;0;0;0;0;0;0;0;0;0;0;0;0
1334,6;0;0;0;0;0;0;0;0;0;0;0;0;0;0;0;0;0;0;0
1335,6;0;0;0;0;0;0;0;0;0;0;0;0;0;0;0;0;0;0;0
1336,6;0;0;0;0;0;0;0;0;0;0;0;0;0;0;0;0;0;0;0
1337,6;0;0;0;0;0;0;0;0;0;0;0;0;0;0;0;0;0;0;0
1338,6;0;0;0;0;0;0;0;0;0;0;0;0;0;0;0;0;0;0;0
1339,6;0;0;0;0;0;0;0;0;0;0;0;0;0;0;0;0;0;0;0
1340;0;0;0;0;4,98E-06;1,46E-06;3,15E-05;0;0;0;0;0;0;0;0;0;0;0;0
1340,6;0;0;0;0;0;0;0;0;0;0;0;0;0;0;0;0;0;0;0
1341,6;0;0;0;0;0;0;0;0;0;0;0;0;0;0;0;0;0;0;0
1342,6;0;0;0;0;0;0;0;0;0;0;0;0;0;0;0;0;0;0;0
1343;0;0;0;0;0;0;0;0;0;0;0;0;0;0;0;0;0;0;0
1343,6;0;0;0;0;0;0;0;0;0;0;0;0;0;0;0;0;0;0;0
1344;0;0;0;0;0;0;0;0;0;0;0;0;0;0;0;0;0;0;0
1344,6;0;0;0;0;0;0;0;0;0;0;0;0;0;0;0;0;0;0;0
1345,6;0;0;0;0;0;0;0;0;0;0;0;0;0;0;0;0;0;0;0
1346,6;0;0;0;0;0;0;0;0;0;0;0;0;0;0;0;0;0;0;0
1347,6;0;0;0;0;0;0;0;0;0;0;0;0;0;0;0;0;0;0;0
1348,6;0;0;0;0;0;0;0;0;0;0;0;0;0;0;0;0;0;0;0
1349,6;0;0;0;0;0;0;0;0;0;0;0;0;0;0;0;0;0;0;0
1350,6;0;0;0;0;0;0;0;0;0;0;0;0;0;0;0;0;0;0;0
1351,6;0;0;0;0;0;0;0;0;0;0;0;0;0;0;0;0;0;0;0
1352,6;0;0;0;0;0;0;0;0;0;0;0;0;0;0;0;0;0;0;0
1353,6;0;0;0;0;0;0;0;0;0;0;0;0;0;0;0;0;0;0;0
1354,6;0;0;0;0;0;0;0;0;0;0;0;0;0;0;0;0;0;0;0
1355,6;0;0;0;0;0;0;0;0;0;0;0;0;0;0;0;0;0;0;0
1356,6;0;0;0;0;0;0;0;0;0;0;0;0;0;0;0;0;0;0;0
1357,6;0;0;0;0;0;0;0;0;0;0;0;0;0;0;0;0;0;0;0
1358,6;0;0;0;0;0;0;0;0;0;0;0;0;0;0;0;0;0;0;0
1359,6;0;0;0;0;0;0;0;0;0;0;0;0;0;0;0;0;0;0;0
1360;0;0;0;0;0;0;0;0;0;0;0;0;0;0;0;0;0;0;0
1360,6;0;0;0;0;0;0;0;0;0;0;0;0;0;0;0;0;0;0;0
1361,6;0;0;0;0;0;0;0;0;0;0;0;0;0;0;0;0;0;0;0
1362,6;0;0;0;0;0;0;0;0;0;0;0;0;0;0;0;0;0;0;0
1363;0;0;0;0;0;0;0;0;0;0;0;0;0;0;0;0;0;0;0
1363,6;0;0;0;0;0;0;0;0;0;0;0;0;0;0;0;0;0;0;0
1364;0;0;0;0;0;0;0;0;0;0;0;0;0;0;0;0;0;0;0
1364,6;0;0;0;0;0;0;0;0;0;0;0;0;0;0;0;0;0;0;0
1365,6;0;0;0;0;0;0;0;0;0;0;0;0;0;0;0;0;0;0;0
1366,6;0;0;0;0;0;0;0;0;0;0;0;0;0;0;0;0;0;0;0
1367,6;0;0;0;0;0;0;0;0;0;0;0;0;0;0;0;0;0;0;0
1368,6;0;0;0;0;0;0;0;0;0;0;0;0;0;0;0;0;0;0;0
1369,6;0;0;0;0;0;0;0;0;0;0;0;0;0;0;0;0;0;0;0
1370,6;0;0;0;0;0;0;0;0;0;0;0;0;0;0;0;0;0;0;0
1371,6;0;0;0;0;0;0;0;0;0;0;0;0;0;0;0;0;0;0;0
1372,6;0;0;0;0;0;0;0;0;0;0;0;0;0;0;0;0;0;0;0
1373,6;0;0;0;0;0;0;0;0;0;0;0;0;0;0;0;0;0;0;0
1374,6;0;0;0;0;0;0;0;0;0;0;0;0;0;0;0;0;0;0;0
1375,6;0;0;0;0;0;0;0;0;0;0;0;0;0;0;0;0;0;0;0
1376,6;0;0;0;0;0;0;0;0;0;0;0;0;0;0;0;0;0;0;0
1377,6;0;0;0;0;0;0;0;0;0;0;0;0;0;0;0;0;0;0;0
1378,6;0;0;0;0;0;0;0;0;0;0;0;0;0;0;0;0;0;0;0
1379;0;0;0;0;0;0;0;0;0;0;0;0;0;0;0;0;0;0;0
1379,6;0;0;0;0;0;0;0;0;0;0;0;0;0;0;0;0;0;0;0
1380;0;0;0;0;2,70E-05;8,27E-06;1,93E-05;0;0;0;0;0;0;0;0;0;0;0;0
1380,6;0;0;0;0;0;0;0;0;0;0;0;0;0;0;0;0;0;0;0
1381,6;0;0;0;0;0;0;0;0;0;0;0;0;0;0;0;0;0;0;0
1382,6;0;0;0;0;0;0;0;0;0;0;0;0;0;0;0;0;0;0;0
1383;0;0;0;0;0;0;0;0;0;0;0;0;0;0;0;0;0;0;0
1383,6;0;0;0;0;0;0;0;0;0;0;0;0;0;0;0;0;0;0;0
1384;0;0;0;0;0;0;0;0;0;0;0;0;0;0;0;0;0;0;0
1384,6;0;0;0;0;0;0;0;0;0;0;0;0;0;0;0;0;0;0;0
1385,6;0;0;0;0;0;0;0;0;0;0;0;0;0;0;0;0;0;0;0
1386,6;0;0;0;0;0;0;0;0;0;0;0;0;0;0;0;0;0;0;0
1387,6;0;0;0;0;0;0;0;0;0;0;0;0;0;0;0;0;0;0;0
1388,6;0;0;0;0;0;0;0;0;0;0;0;0;0;0;0;0;0;0;0
1389,6;0;0;0;0;0;0;0;0;0;0;0;0;0;0;0;0;0;0;0
1390,6;0;0;0;0;0;0;0;0;0;0;0;0;0;0;0;0;0;0;0
1391,6;0;0;0;0;0;0;0;0;0;0;0;0;0;0;0;0;0;0;0
1392,6;0;0;0;0;0;0;0;0;0;0;0;0;0;0;0;0;0;0;0
1393,6;0;0;0;0;0;0;0;0;0;0;0;0;0;0;0;0;0;0;0
1394,6;0;0;0;0;0;0;0;0;0;0;0;0;0;0;0;0;0;0;0
1395,6;0;0;0;0;0;0;0;0;0;0;0;0;0;0;0;0;0;0;0
1396,6;0;0;0;0;0;0;0;0;0;0;0;0;0;0;0;0;0;0;0
1397,6;0;0;0;0;0;0;0;0;0;0;0;0;0;0;0;0;0;0;0
1398,6;0;0;0;0;0;0;0;0;0;0;0;0;0;0;0;0;0;0;0
1399;0;0;0;0;0;0;0;0;0;0;0;0;0;0;0;0;0;0;0
1399,6;0;0;0;0;0;0;0;0;0;0;0;0;0;0;0;0;0;0;0
1400,6;0;0;0;0;0;0;0;0;0;0;0;0;0;0;0;0;0;0;0
1401,6;0;0;0;0;0;0;0;0;0;0;0;0;0;0;0;0;0;0;0
1402,6;0;0;0;0;0;0;0;0;0;0;0;0;0;0;0;0;0;0;0
1403,6;0;0;0;0;0;0;0;0;0;0;0;0;0;0;0;0;0;0;0
1404;0;0;0;0;0;0;0;0;0;0;0;0;0;0;0;0;0;0;0
1404,6;0;0;0;0;0;0;0;0;0;0;0;0;0;0;0;0;0;0;0
1405,6;0;0;0;0;0;0;0;0;0;0;0;0;0;0;0;0;0;0;0
1406,6;0;0;0;0;0;0;0;0;0;0;0;0;0;0;0;0;0;0;0
1407,6;0;0;0;0;0;0;0;0;0;0;0;0;0;0;0;0;0;0;0
1408,6;0;0;0;0;0;0;0;0;0;0;0;0;0;0;0;0;0;0;0
1409,6;0;0;0;0;0;0;0;0;0;0;0;0;0;0;0;0;0;0;0
1410,6;0;0;0;0;0;0;0;0;0;0;0;0;0;0;0;0;0;0;0
1411,6;0;0;0;0;0;0;0;0;0;0;0;0;0;0;0;0;0;0;0
1412,6;0;0;0;0;0;0;0;0;0;0;0;0;0;0;0;0;0;0;0
1413,6;0;0;0;0;0;0;0;0;0;0;0;0;0;0;0;0;0;0;0
1414,6;0;0;0;0;0;0;0;0;0;0;0;0;0;0;0;0;0;0;0
1415,6;0;0;0;0;0;0;0;0;0;0;0;0;0;0;0;0;0;0;0
1416,6;0;0;0;0;0;0;0;0;0;0;0;0;0;0;0;0;0;0;0
1417,6;0;0;0;0;0;0;0;0;0;0;0;0;0;0;0;0;0;0;0
1418,6;0;0;0;0;0;0;0;0;0;0;0;0;0;0;0;0;0;0;0
1419;0;0;0;0;0;0;0;0;0;0;0;0;0;0;0;0;0;0;0
1419,6;0;0;0;0;0;0;0;0;0;0;0;0;0;0;0;0;0;0;0
1420;0;0;0;0;2,12E-05;1,86E-06;1,83E-05;0;0;0;0;0;0;0;0;0;0;0;0
1420,6;0;0;0;0;0;0;0;0;0;0;0;0;0;0;0;0;0;0;0
1424;0;0;0;0;0;0;0;0;0;0;0;0;0;0;0;0;0;0;0
1440;0;0;0;0;0;0;0;0;0;0;0;0;0;0;0;0;0;0;0
1444;0;0;0;0;0;0;0;0;0;0;0;0;0;0;0;0;0;0;0
1460;0;0;0;0;0,000165041;0,000186212;2,03E-06;0;0;0;0;0;0;0;0;0;0;0;0
1463;0;0;0;0;0;0;0;0;0;0;0;0;0;0;0;0;0;0;0
1464;0;0;0;0;0;0;0;0;0;0;0;0;0;0;0;0;0;0;0
1480;0;0;0;0;0;0;0;0;0;0;0;0;0;0;0;0;0;0;0
1483;0;0;0;0;0;0;0;0;0;0;0;0;0;0;0;0;0;0;0
1484;0;0;0;0;0;0;0;0;0;0;0;0;0;0;0;0;0;0;0
1500;0;0;0;0;9,84E-05;0,000502946;2,03E-06;0;0;0;0;0;0;0;0;0;0;0;0
1503;0;0;0;0;0;0;0;0;0;0;0;0;0;0;0;0;0;0;0
1504;0;0;0;0;0;0;0;0;0;0;0;0;0;0;0;0;0;0;0
1519;0;0;0;0;0;0;0;0;0;0;0;0;0;0;0;0;0;0;0
1524;0;0;0;0;0;0;0;0;0;0;0;0;0;0;0;0;0;0;0
1539;0;0;0;0;0;0;0;0;0;0;0;0;0;0;0;0;0;0;0
1540;0;0;0;0;0,000107456;0,000830951;1,02E-06;0;0;0;0;0;0;0;0;0;0;0;0
1544;0;0;0;0;0;0;0;0;0;0;0;0;0;0;0;0;0;0;0
1564;0;0;0;0;0;0;0;0;0;0;0;0;0;0;0;0;0;0;0
1579,5;0;0;0;0;0;0,000441793;0;0;0;0;0;0;0;0;0;0;0;0;0
1580;0;0;0;0;0,000173567;0;1,02E-06;0;0;0;0;0;0;0;0;0;0;0;0
1581,5;0;0;0;0;0;0,000732878;0;0;0;0;0;0;0;0;0;0;0;0;0
1583;0;0;0;0;0;0;0;0;0;0;0;0;0;0;0;0;0;0;0
1583,5;0;0;0;0;0;0,00112474;0;0;0;0;0;0;0;0;0;0;0;0;0
1584;0;0;0;0;0;0;0;0;0;0;0;0;0;0;0;0;0;0;0
1585,4;0;0;0;0;0;0,00160214;0;0;0;0;0;0;0;0;0;0;0;0;0
1587,5;0;0;0;0;0;0,00233662;0;0;0;0;0;0;0;0;0;0;0;0;0
1589,5;0;0;0;0;0;0,00320507;0;0;0;0;0;0;0;0;0;0;0;0;0
1591,5;0;0;0;0;0;0,00443914;0;0;0;0;0;0;0;0;0;0;0;0;0
1593,5;0;0;0;0;0;0,0062634;0;0;0;0;0;0;0;0;0;0;0;0;0
1595,4;0;0;0;0;0;0,00886922;0;0;0;0;0;0;0;0;0;0;0;0;0
1597,5;0;0;0;0;0;0,0131824;0;0;0;0;0;0;0;0;0;0;0;0;0
1599,5;0;0;0;0;0;0,0194619;0;0;0;0;0;0;0;0;0;0;0;0;0
1600;0;0;0;0;0;0;0;0;0;0;0;0;0;0;0;0;0;0;0
1601,5;0;0;0;0;0;0,0293144;0;0;0;0;0;0;0;0;0;0;0;0;0
1603;0;0;0;0;0;0;0;0;0;0;0;0;0;0;0;0;0;0;0
1603,5;0;0;0;0;0;0,0448646;0;0;0;0;0;0;0;0;0;0;0;0;0
1604;0;0;0;0;0;0;0;0;0;0;0;0;0;0;0;0;0;0;0
1605,5;0;0;0;0;0;0,0695292;0;0;0;0;0;0;0;0;0;0;0;0;0
1607,4;0;0;0;0;0;0,107236;0;0;0;0;0;0;0;0;0;0;0;0;0
1609,4;0;0;0;0;0;0,17026;0;0;0;0;0;0;0;0;0;0;0;0;0
1611,5;0;0;0;0;0;0,26826;0;0;0;0;0;0;0;0;0;0;0;0;0
1613,4;0;0;0;0;0;0,382627;0;0;0;0;0;0;0;0;0;0;0;0;0
1615,5;0;0;0;0;0;0,532063;0;0;0;0;0;0;0;0;0;0;0;0;0
1617,5;0;0;0;0;0;0,687942;0;0;0;0;0;0;0;0;0;0;0;0;0
1619,4;0;0;0;0;0;0,82486;0;0;0;0;0;0;0;0;0;0;0;0;0
1620;0;0;0;0;0,0034917;0;1,32E-05;0;0;0;0;0;0;0;0;0;0;0;0
1621,5;0;0;0;0;0;0,935528;0;0;0;0;0;0;0;0;0;0;0;0;0
1623;0;0;0;0;0;0;0;0;0;0;0;0;0;0;0;0;0;0;0
1623,4;0;0;0;0;0;0,982867;0;0;0;0;0;0;0;0;0;0;0;0;0
1624;0;0;0;0;0;0;0;0;0;0;0;0;0;0;0;0;0;0;0
1625,5;0;0;0;0;0;0,99937;0;0;0;0;0;0;0;0;0;0;0;0;0
1627,4;0;0;0;0;0;1;0;0;0;0;0;0;0;0;0;0;0;0;0
1629,5;0;0;0;0;0;0,99529;0;0;0;0;0;0;0;0;0;0;0;0;0
1631,4;0;0;0;0;0;0,987138;0;0;0;0;0;0;0;0;0;0;0;0;0
1633,4;0;0;0;0;0;0,970963;0;0;0;0;0;0;0;0;0;0;0;0;0
1635,5;0;0;0;0;0;0,939849;0;0;0;0;0;0;0;0;0;0;0;0;0
1637,5;0;0;0;0;0;0,881859;0;0;0;0;0;0;0;0;0;0;0;0;0
1639;0;0;0;0;0;0;0;0;0;0;0;0;0;0;0;0;0;0;0
1639,4;0;0;0;0;0;0,798368;0;0;0;0;0;0;0;0;0;0;0;0;0
1641,5;0;0;0;0;0;0,671905;0;0;0;0;0;0;0;0;0;0;0;0;0
1643,4;0;0;0;0;0;0,537742;0;0;0;0;0;0;0;0;0;0;0;0;0
1644;0;0;0;0;0;0;0;0;0;0;0;0;0;0;0;0;0;0;0
1645,5;0;0;0;0;0;0,387614;0;0;0;0;0;0;0;0;0;0;0;0;0
1647,5;0;0;0;0;0;0,266901;0;0;0;0;0;0;0;0;0;0;0;0;0
1649,5;0;0;0;0;0;0,176987;0;0;0;0;0;0;0;0;0;0;0;0;0
1651,5;0;0;0;0;0;0,116369;0;0;0;0;0;0;0;0;0;0;0;0;0
1653,5;0;0;0;0;0;0,0745707;0;0;0;0;0;0;0;0;0;0;0;0;0
1655,5;0;0;0;0;0;0,0457911;0;0;0;0;0;0;0;0;0;0;0;0;0
1657,5;0;0;0;0;0;0,0277841;0;0;0;0;0;0;0;0;0;0;0;0;0
1659;0;0;0;0;0;0;0;0;0;0;0;0;0;0;0;0;0;0;0
1659,5;0;0;0;0;0;0,0173182;0;0;0;0;0;0;0;0;0;0;0;0;0
1660;0;0;0;0;0,000400757;0;1,02E-06;0;0;0;0;0;0;0;0;0;0;0;0
1661,5;0;0;0;0;0;0,0111427;0;0;0;0;0;0;0;0;0;0;0;0;0
1663,5;0;0;0;0;0;0,00738431;0;0;0;0;0;0;0;0;0;0;0;0;0
1664;0;0;0;0;0;0;0;0;0;0;0;0;0;0;0;0;0;0;0
1665,5;0;0;0;0;0;0,00503164;0;0;0;0;0;0;0;0;0;0;0;0;0
1667,5;0;0;0;0;0;0,00346678;0;0;0;0;0;0;0;0;0;0;0;0;0
1669,5;0;0;0;0;0;0,00237861;0;0;0;0;0;0;0;0;0;0;0;0;0
1671,5;0;0;0;0;0;0,0015234;0;0;0;0;0;0;0;0;0;0;0;0;0
1673,5;0;0;0;0;0;0,000885265;0;0;0;0;0;0;0;0;0;0;0;0;0
1675,5;0;0;0;0;0;0,000410553;0;0;0;0;0;0;0;0;0;0;0;0;0
1677,5;0;0;0;0;0;0,000293228;0;0;0;0;0;0;0;0;0;0;0;0;0
1684;0;0;0;0;0;0;0;0;0;0;0;0;0;0;0;0;0;0;0
1700;0;0;0;0;0,000450067;0,000261866;1,02E-06;0;0;0;0;0;0;0;0;0;0;0;0
1703;0;0;0;0;0;0;0;0;0;0;0;0;0;0;0;0;0;0;0
1704;0;0;0;0;0;0;0;0;0;0;0;0;0;0;0;0;0;0;0
1720;0;0;0;0;0;0;0;0;0;0;0;0;0;0;0;0;0;0;0
1723;0;0;0;0;0;0;0;0;0;0;0;0;0;0;0;0;0;0;0
1724;0;0;0;0;0;0;0;0;0;0;0;0;0;0;0;0;0;0;0
1740;0;0;0;0;0,000578236;8,16E-05;1,02E-06;0;0;0;0;0;0;0;0;0;0;0;0
1743;0;0;0;0;0;0;0;0;0;0;0;0;0;0;0;0;0;0;0
1744;0;0;0;0;0;0;0;0;0;0;0;0;0;0;0;0;0;0;0
1759;0;0;0;0;0;0;0;0;0;0;0;0;0;0;0;0;0;0;0
1764;0;0;0;0;0;0;0;0;0;0;0;0;0;0;0;0;0;0;0
1779;0;0;0;0;0;0;0;0;0;0;0;0;0;0;0;0;0;0;0
1780;0;0;0;0;0,000253771;5,01E-05;3,05E-06;0;0;0;0;0;0;0;0;0;0;0;0
1784;0;0;0;0;0;0;0;0;0;0;0;0;0;0;0;0;0;0;0
1804;0;0;0;0;0;0;0;0;0;0;0;0;0;0;0;0;0;0;0
1820;0;0;0;0;0,000128761;2,81E-05;1,42E-05;0;0;0;0;0;0;0;0;0;0;0;0
1824;0;0;0;0;0;0;0;0;0;0;0;0;0;0;0;0;0;0;0
1840;0;0;0;0;0;0;0;0;0;0;0;0;0;0;0;0;0;0;0
1843;0;0;0;0;0;0;0;0;0;0;0;0;0;0;0;0;0;0;0
1844;0;0;0;0;0;0;0;0;0;0;0;0;0;0;0;0;0;0;0
1860;0;0;0;0;1,32E-05;3,97E-06;9,85E-05;0;0;0;0;0;0;0;0;0;0;0;0
1863;0;0;0;0;0;0;0;0;0;0;0;0;0;0;0;0;0;0;0
1864;0;0;0;0;0;0;0;0;0;0;0;0;0;0;0;0;0;0;0
1879;0;0;0;0;0;0;0;0;0;0;0;0;0;0;0;0;0;0;0
1883;0;0;0;0;0;0;0;0;0;0;0;0;0;0;0;0;0;0;0
1884;0;0;0;0;0;0;0;0;0;0;0;0;0;0;0;0;0;0;0
1899;0;0;0;0;0;0;0;0;0;0;0;0;0;0;0;0;0;0;0
1900;0;0;0;0;8,59E-06;2,01E-06;0,000602461;0;0;0;0;0;0;0;0;0;0;0;0
1904;0;0;0;0;0;0;0;0;0;0;0;0;0;0;0;0;0;0;0
1924;0;0;0;0;0;0;0;0;0;0;0;0;0;0;0;0;0;0;0
1940;0;0;0;0;1,07E-05;6,62E-06;0,00149752;0;0;0;0;0;0;0;0;0;0;0;0
1944;0;0;0;0;0;0;0;0;0;0;0;0;0;0;0;0;0;0;0
1960;0;0;0;0;0;0;0;0;0;0;0;0;0;0;0;0;0;0;0
1963;0;0;0;0;0;0;0;0;0;0;0;0;0;0;0;0;0;0;0
1964;0;0;0;0;0;0;0;0;0;0;0;0;0;0;0;0;0;0;0
1980;0;0;0;0;9,80E-06;8,55E-06;0,00255411;0;0;0;0;0;0;0;0;0;0;0;0
1983;0;0;0;0;0;0;0;0;0;0;0;0;0;0;0;0;0;0;0
1984;0;0;0;0;0;0;0;0;0;0;0;0;0;0;0;0;0;0;0
2000;0;0;0;0;0;0;0;0;0;0;0;0;0;0;0;0;0;0;0
2003;0;0;0;0;0;0;0;0;0;0;0;0;0;0;0;0;0;0;0
2004;0;0;0;0;0;0;0;0;0;0;0;0;0;0;0;0;0;0;0
2019;0;0;0;0;0;0;0;0;0;0;0;0;0;0;0;0;0;0;0
2020;0;0;0;0;1,56E-05;1,04E-05;0,00315657;0;0;0;0;0;0;0;0;0;0;0;0
2023;0;0;0;0;0;0;0;0;0;0;0;0;0;0;0;0;0;0;0
2024;0;0;0;0;0;0;0;0;0;0;0;0;0;0;0;0;0;0;0
2039;0;0;0;0;0;0;0;0;0;0;0;0;0;0;0;0;0;0;0
2043;0;0;0;0;0;0;0;0;0;0;0;0;0;0;0;0;0;0;0
2044;0;0;0;0;0;0;0;0;0;0;0;0;0;0;0;0;0;0;0
2055,7;0;0;0;0;0;0;0,00706915;0;0;0;0;0;0;0;0;0;0;0;0
2059;0;0;0;0;0;0;0;0;0;0;0;0;0;0;0;0;0;0;0
2060;0;0;0;0;7,54E-06;3,80E-05;0;0;0;0;0;0;0;0;0;0;0;0;0
2060,7;0;0;0;0;0;0;0,012228;0;0;0;0;0;0;0;0;0;0;0;0
2063;0;0;0;0;0;0;0;0;0;0;0;0;0;0;0;0;0;0;0
2064;0;0;0;0;0;0;0;0;0;0;0;0;0;0;0;0;0;0;0
2065,7;0;0;0;0;0;0;0,0228684;0;0;0;0;0;0;0;0;0;0;0;0
2070,7;0;0;0;0;0;0;0,0475944;0;0;0;0;0;0;0;0;0;0;0;0
2075,7;0;0;0;0;0;0;0,104812;0;0;0;0;0;0;0;0;0;0;0;0
2079;0;0;0;0;0;0;0;0;0;0;0;0;0;0;0;0;0;0;0
2080,7;0;0;0;0;0;0;0,227107;0;0;0;0;0;0;0;0;0;0;0;0
2084;0;0;0;0;0;0;0;0;0;0;0;0;0;0;0;0;0;0;0
2085,7;0;0;0;0;0;0;0,441891;0;0;0;0;0;0;0;0;0;0;0;0
2090,7;0;0;0;0;0;0;0,693499;0;0;0;0;0;0;0;0;0;0;0;0
2095,7;0;0;0;0;0;0;0,894021;0;0;0;0;0;0;0;0;0;0;0;0
2099;0;0;0;0;0;0;0;0;0;0;0;0;0;0;0;0;0;0;0
2100;0;0;0;0;2,75E-05;0,00152451;0;0;0;0;0;0;0;0;0;0;0;0;0
2100,7;0;0;0;0;0;0;1;0;0;0;0;0;0;0;0;0;0;0;0
2104;0;0;0;0;0;0;0;0;0;0;0;0;0;0;0;0;0;0;0
2105,7;0;0;0;0;0;0;0,990484;0;0;0;0;0;0;0;0;0;0;0;0
2110,7;0;0;0;0;0;0;0,954205;0;0;0;0;0;0;0;0;0;0;0;0
2115,7;0;0;0;0;0;0;0,900188;0;0;0;0;0;0;0;0;0;0;0;0
2119;0;0;0;0;0;0;0;0;0;0;0;0;0;0;0;0;0;0;0
2120,7;0;0;0;0;0;0;0,822227;0;0;0;0;0;0;0;0;0;0;0;0
2124;0;0;0;0;0;0;0;0;0;0;0;0;0;0;0;0;0;0;0
2125,7;0;0;0;0;0;0;0,736447;0;0;0;0;0;0;0;0;0;0;0;0
2130,7;0;0;0;0;0;0;0,652943;0;0;0;0;0;0;0;0;0;0;0;0
2135,7;0;0;0;0;0;0;0,574136;0;0;0;0;0;0;0;0;0;0;0;0
2140;0;0;0;0;1,23E-05;0,000319181;0;0;0;0;0;0;0;0;0;0;0;0;0
2140,7;0;0;0;0;0;0;0,491559;0;0;0;0;0;0;0;0;0;0;0;0
2144;0;0;0;0;0;0;0;0;0;0;0;0;0;0;0;0;0;0;0
2145,7;0;0;0;0;0;0;0,387794;0;0;0;0;0;0;0;0;0;0;0;0
2150,7;0;0;0;0;0;0;0,26265;0;0;0;0;0;0;0;0;0;0;0;0
2155,7;0;0;0;0;0;0;0,153201;0;0;0;0;0;0;0;0;0;0;0;0
2160,7;0;0;0;0;0;0;0,0783504;0;0;0;0;0;0;0;0;0;0;0;0
2164;0;0;0;0;0;0;0;0;0;0;0;0;0;0;0;0;0;0;0
2165,7;0;0;0;0;0;0;0,0360984;0;0;0;0;0;0;0;0;0;0;0;0
2170,7;0;0;0;0;0;0;0,0173393;0;0;0;0;0;0;0;0;0;0;0;0
2175,7;0;0;0;0;0;0;0,00934411;0;0;0;0;0;0;0;0;0;0;0;0
2180;0;0;0;0;2,80E-05;5,53E-06;0;0;0;0;0;0;0;0;0;0;0;0;0
2180,7;0;0;0;0;0;0;0,00513041;0;0;0;0;0;0;0;0;0;0;0;0
2184;0;0;0;0;0;0;0;0;0;0;0;0;0;0;0;0;0;0;0
2185,7;0;0;0;0;0;0;0,0024948;0;0;0;0;0;0;0;0;0;0;0;0
2190,7;0;0;0;0;0;0;0,00120628;0;0;0;0;0;0;0;0;0;0;0;0
2195,7;0;0;0;0;0;0;0,000531624;0;0;0;0;0;0;0;0;0;0;0;0
2200,7;0;0;0;0;0;0;0,000172412;0;0;0;0;0;0;0;0;0;0;0;0
2203;0;0;0;0;0;0;0;0;0;0;0;0;0;0;0;0;0;0;0
2204;0;0;0;0;0;0;0;0;0;0;0;0;0;0;0;0;0;0;0
2205,7;0;0;0;0;0;0;4,44E-05;0;0;0;0;0;0;0;0;0;0;0;0
2220;0;0;0;0;1,49E-05;2,92E-06;0,000559791;0;0;0;0;0;0;0;0;0;0;0;0
2223;0;0;0;0;0;0;0;0;0;0;0;0;0;0;0;0;0;0;0
2224;0;0;0;0;0;0;0;0;0;0;0;0;0;0;0;0;0;0;0
2240;0;0;0;0;0;0;0;0;0;0;0;0;0;0;0;0;0;0;0
2243;0;0;0;0;0;0;0;0;0;0;0;0;0;0;0;0;0;0;0
2244;0;0;0;0;0;0;0;0;0;0;0;0;0;0;0;0;0;0;0
2259;0;0;0;0;0;0;0;0;0;0;0;0;0;0;0;0;0;0;0
2260;0;0;0;0;6,13E-06;4,00E-06;0,000110739;0;0;0;0;0;0;0;0;0;0;0;0
2263;0;0;0;0;0;0;0;0;0;0;0;0;0;0;0;0;0;0;0
2264;0;0;0;0;0;0;0;0;0;0;0;0;0;0;0;0;0;0;0
2279;0;0;0;0;0;0;0;0;0;0;0;0;0;0;0;0;0;0;0
2283;0;0;0;0;0;0;0;0;0;0;0;0;0;0;0;0;0;0;0
2284;0;0;0;0;0;0;0;0;0;0;0;0;0;0;0;0;0;0;0
2299;0;0;0;0;0;0;0;0;0;0;0;0;0;0;0;0;0;0;0
2300;0;0;0;0;1,16E-05;6,65E-06;4,27E-05;0;0;0;0;0;0;0;0;0;0;0;0
2303;0;0;0;0;0;0;0;0;0;0;0;0;0;0;0;0;0;0;0
2304;0;0;0;0;0;0;0;0;0;0;0;0;0;0;0;0;0;0;0
2319;0;0;0;0;0;0;0;0;0;0;0;0;0;0;0;0;0;0;0
2323;0;0;0;0;0;0;0;0;0;0;0;0;0;0;0;0;0;0;0
2324;0;0;0;0;0;0;0;0;0;0;0;0;0;0;0;0;0;0;0
2344;0;0;0;0;0;0;0;0;0;0;0;0;0;0;0;0;0;0;0
2359;0;0;0;0;0;0;0;0;0;0;0;0;0;0;0;0;0;0;0
2360;0;0;0;0;4,55E-05;1,77E-05;6,91E-05;0;0;0;0;0;0;0;0;0;0;0;0
2364;0;0;0;0;0;0;0;0;0;0;0;0;0;0;0;0;0;0;0
2384;0;0;0;0;0;0;0;0;0;0;0;0;0;0;0;0;0;0;0
2400;0;0;0;0;0,000118018;2,23E-05;5,18E-05;0;0;0;0;0;0;0;0;0;0;0;0
2404;0;0;0;0;0;0;0;0;0;0;0;0;0;0;0;0;0;0;0
2424;0;0;0;0;0;0;0;0;0;0;0;0;0;0;0;0;0;0;0
2440;0;0;0;0;0,000364717;8,65E-05;4,98E-05;0;0;0;0;0;0;0;0;0;0;0;0
2444;0;0;0;0;0;0;0;0;0;0;0;0;0;0;0;0;0;0;0
2463;0;0;0;0;0;0;0;0;0;0;0;0;0;0;0;0;0;0;0
2464;0;0;0;0;0;0;0;0;0;0;0;0;0;0;0;0;0;0;0
2480;0;0;0;0;0,000180528;2,16E-05;3,76E-05;0;0;0;0;0;0;0;0;0;0;0;0
2483;0;0;0;0;0;0;0;0;0;0;0;0;0;0;0;0;0;0;0
2484;0;0;0;0;0;0;0;0;0;0;0;0;0;0;0;0;0;0;0
2500;0;0;0;0;0;0;0;0;0;0;0;0;0;0;0;0;0;0;0


